Name,pos,Team,Gm,Age,Salary,G,A,P,G60,A60,P60,PenD,CF%,PDO,PSh%,ZSO%Rel,TOI/Gm
Evgeni.Malkin,CR,PIT,74,28,9.500,28,42,70,1.19,1.79,2.98,3,61.43,101.02,12.56,24.54,19.07
Eric.Staal,CL,CAR,77,29,9.250,23,31,54,0.94,1.27,2.22,7,61.89,97.75,9.43,12.99,18.97
Corey.Perry,R,ANA,83,29,9.000,43,30,73,1.69,1.18,2.87,-2,57.51,101.12,16.73,17,18.36
Ryan.Getzlaf,C,ANA,93,29,8.750,27,63,90,0.86,2,2.86,-14,54.74,100.2,11.3,3.43,20.3
Patrice.Bergeron,C,BOS,81,29,8.750,23,32,55,0.92,1.28,2.2,-5,60.73,97.37,9.83,-5.62,18.53
Steven.Stamkos,CR,T.B,108,24,8.000,50,40,90,1.44,1.15,2.6,11,57.82,102.05,15.02,24.3,19.25
Dion.Phaneuf,D,TOR,70,29,8.000,3,26,29,0.11,0.94,1.05,-2,46.58,101.3,2.17,-1.33,23.64
Marian.Hossa,R,CHI,105,35,7.900,26,52,78,0.8,1.6,2.4,-4,56.6,101.14,8.23,4.44,18.57
Rick.Nash,LR,NYR,98,30,7.900,47,36,83,1.62,1.24,2.87,-1,55.31,103.22,12.6,15.51,17.71
Duncan.Keith,D,CHI,103,31,7.600,13,53,66,0.28,1.16,1.44,-7,56.22,101.47,5.65,0.69,26.73
Henrik.Zetterberg,CL,DET,84,33,7.500,17,52,69,0.64,1.95,2.59,-3,60.86,100.16,6.94,23.4,19.03
Anze.Kopitar,C,L.A,79,27,7.500,16,48,64,0.62,1.87,2.5,15,58.96,98.39,11.94,2.66,19.47
Tyler.Ennis,C,BUF,78,24,7.300,20,26,46,0.82,1.06,1.88,21,44.24,101.04,10.81,20.38,18.85
Dustin.Brown,LR,L.A,82,29,7.250,11,16,27,0.48,0.71,1.19,22,53.59,96.7,5.85,-3.3,16.6
Kris.Letang,D,PIT,69,27,7.250,11,43,54,0.38,1.47,1.84,-11,55.18,101.4,5.58,5.42,25.49
Brian.Campbell,D,FLA,82,35,7.143,3,24,27,0.1,0.77,0.86,-6,57.02,99.02,2.54,23.38,22.89
Daniel.Girardi,D,NYR,101,30,7.000,4,20,24,0.11,0.53,0.64,2,45.15,101.81,2.86,-20.65,22.41
Derick.Brassard,C,NYR,99,26,7.000,28,48,76,0.98,1.67,2.65,0,59.25,102.01,12.56,20.54,17.39
Andrei.Markov,D,MTL,93,35,7.000,11,41,52,0.29,1.08,1.37,-10,52.24,101.72,7.33,8.12,24.47
Henrik.Sedin,C,VAN,88,33,7.000,19,58,77,0.71,2.15,2.86,0,59.8,101.32,16.38,19.14,18.36
Daniel.Sedin,L,VAN,88,33,7.000,22,58,80,0.83,2.19,3.02,6,59.59,100.86,8.87,19.71,18.07
Drew.Doughty,D,L.A,82,24,7.000,7,39,46,0.18,0.99,1.17,-16,55.67,99.27,3.2,1.31,28.77
Patrick.Marleau,LR,S.J,82,35,7.000,19,38,57,0.71,1.42,2.13,4,55.93,98.7,8.19,9.75,19.62
Zdeno.Chara,D,BOS,63,37,7.000,8,12,20,0.33,0.49,0.82,-9,51.12,98.74,5.8,-14.97,23.31
Alexander.Semin,R,CAR,57,30,7.000,6,13,19,0.4,0.86,1.26,3,59.16,97.13,6.45,13.18,15.88
Mike.Richards,CL,L.A,53,29,7.000,5,11,16,0.42,0.93,1.36,3,52.09,97.77,7.94,-0.98,13.34
Jeff.Carter,CR,L.A,82,29,6.750,28,34,62,1.15,1.4,2.55,0,58.54,100.02,12.84,10.21,17.79
Joe.Thornton,C,S.J,78,35,6.750,16,49,65,0.67,2.05,2.72,0,64.19,98.77,12.21,11.65,18.38
Jonathan.Toews,C,CHI,104,26,6.500,38,49,87,1.11,1.43,2.53,11,59.16,103.52,15.02,12.82,19.8
Nicklas.Backstrom,C,WSH,96,26,6.500,21,65,86,0.63,1.94,2.57,-3,57.09,100.8,11.86,12.68,20.95
Brooks.Orpik,D,WSH,92,33,6.500,0,21,21,0,0.62,0.62,-16,43.32,99.71,0,-20.73,22.16
Patrick.Sharp,L,CHI,91,32,6.500,21,37,58,0.85,1.49,2.33,1,60.23,99.44,7.14,26.4,16.38
Erik.Karlsson,D,OTT,88,24,6.500,22,48,70,0.55,1.2,1.74,-1,59.33,101.11,7.12,22.13,27.38
Patrick.Kane,R,CHI,84,25,6.500,38,49,87,1.35,1.74,3.08,15,60.01,103.39,15.2,33.8,20.15
Paul.Stastny,C,STL,80,28,6.500,17,30,47,0.73,1.29,2.02,-12,57.64,100.52,11.26,6.46,17.46
Mark.Streit,D,PHI,81,36,6.250,9,43,52,0.3,1.43,1.73,-8,57.5,102.14,6.25,23.91,22.32
Marian.Gaborik,LR,L.A,69,32,6.075,27,20,47,1.38,1.02,2.4,-1,63.56,101.49,15.52,15.67,17
Ryan.Callahan,R,T.B,102,29,6.000,26,36,62,0.87,1.2,2.07,4,57.64,102.35,10.53,17.59,17.63
Jason.Pominville,R,MIN,92,31,6.000,21,39,60,0.74,1.38,2.12,12,60.2,100.02,7.37,30.62,18.44
John.Tavares,C,NYI,89,23,6.000,40,52,92,1.32,1.71,3.03,-3,60.81,100.8,13.51,35.21,20.48
Niklas.Kronwall,D,DET,86,33,6.000,9,37,46,0.27,1.09,1.36,-17,49.29,101.02,8.57,-2.77,23.67
Mike.Green,D,WSH,86,28,6.000,10,37,47,0.36,1.35,1.71,-9,57.24,103.7,5.38,23.55,19.15
Joe.Pavelski,RC,S.J,82,30,6.000,37,33,70,1.34,1.2,2.54,17,60.23,100.89,14.18,9.95,20.18
Logan.Couture,C,S.J,82,25,6.000,27,40,67,1.03,1.53,2.56,13,55.77,99.87,10.23,12.51,19.17
Jordan.Eberle,R,EDM,81,24,6.000,24,39,63,0.93,1.52,2.45,5,56.74,98.85,13.19,29.38,19.03
Milan.Lucic,L,BOS,81,26,6.000,18,26,44,0.82,1.18,2,-3,54.73,103.57,12.77,12.14,16.28
Matt.Moulson,L,BUF,77,30,6.000,13,28,41,0.58,1.24,1.82,6,46.71,100.97,8.33,20.31,17.58
Jeff.Skinner,L,CAR,77,22,6.000,18,13,31,0.88,0.64,1.52,14,57.51,96.68,7.66,16.28,15.92
Ryan.Nugent-Hopkins,C,EDM,76,21,6.000,24,32,56,0.92,1.23,2.15,13,53.3,98.17,12.7,24.09,20.6
Lubomir.Visnovsky,D,NYI,57,38,6.000,5,17,22,0.27,0.92,1.2,4,59.75,98.81,5.56,12.58,19.38
Vincent.Lecavalier,C,PHI,57,34,6.000,8,12,20,0.67,1.01,1.68,-3,53.36,99.92,7.77,15.54,12.53
Taylor.Hall,L,EDM,53,22,6.000,14,24,38,0.81,1.38,2.19,-5,56.16,100.08,8.86,23.05,19.65
Jordan.Staal,C,CAR,46,26,6.000,6,18,24,0.42,1.26,1.68,-1,61.86,97.36,6.52,3,18.66
Evander.Kane,L,WPG,37,23,6.000,10,12,22,0.84,1.01,1.85,-5,53.75,100.26,7.94,9.88,19.31
Blake.Wheeler,R,WPG,83,28,5.800,27,35,62,1,1.29,2.29,-9,57.75,102.86,10.59,15.45,19.58
Brent.Burns,DR,S.J,82,29,5.760,17,43,60,0.52,1.31,1.82,-16,56.59,99.02,6.94,11.75,24.09
Matt.Niskanen,D,WSH,96,27,5.750,4,31,35,0.11,0.87,0.99,-17,49.18,100.86,2.88,-3.38,22.16
Matt.Carle,D,T.B,84,29,5.750,4,17,21,0.15,0.63,0.78,-6,47.36,99.34,4.17,-10.6,19.2
Dustin.Byfuglien,D,WPG,73,29,5.750,18,28,46,0.66,1.03,1.68,-19,57.46,99.98,8.14,15.85,22.45
Tobias.Enstrom,D,WPG,64,29,5.750,4,20,24,0.16,0.82,0.98,-8,53.83,100.6,6.56,11.63,22.94
Bobby.Ryan,RL,OTT,84,27,5.562,20,36,56,0.83,1.5,2.33,8,56.85,101.92,8.62,18.19,17.15
Keith.Yandle,D,NYR/ARI,103,28,5.500,8,55,63,0.21,1.45,1.67,-6,57.08,99.93,3.03,29.6,22.02
Thomas.Vanek,RL,MIN,90,30,5.500,21,35,56,0.89,1.48,2.36,-12,55.91,98.65,11.05,26.59,15.79
Alex.Pietrangelo,D,STL,87,24,5.500,7,41,48,0.19,1.12,1.31,8,49.88,98.85,3.21,-9.03,25.36
Matt.Duchene,C,COL,82,23,5.500,21,34,55,0.83,1.35,2.18,18,48,101.98,10.14,10.96,18.47
Jarome.Iginla,R,COL,82,37,5.500,29,30,59,1.18,1.22,2.4,1,48.27,102.41,15.34,13.52,18.02
Tyler.Seguin,CR,DAL,71,22,5.500,37,40,77,1.59,1.72,3.32,5,60.78,101.19,13.21,22.47,19.62
Patrik.Elias,CL,N.J,69,38,5.500,13,21,34,0.65,1.05,1.69,2,49.19,97.71,11.4,-1.68,17.46
Dave.Bolland,C,FLA,53,28,5.500,6,17,23,0.42,1.18,1.59,-16,47.72,100.61,7.89,-12.92,16.36
Marc.Staal,D,NYR,99,27,5.450,5,16,21,0.14,0.46,0.61,-16,43.74,100.25,4.59,-17.5,20.92
Mikko.Koivu,C,MIN,90,31,5.400,15,37,52,0.52,1.28,1.8,-14,56.64,99.92,7.77,10.59,19.23
Jamie.Benn,L,DAL,82,25,5.250,35,52,87,1.27,1.88,3.15,8,57.5,100.67,13.83,16.01,20.23
Brian.Gionta,R,BUF,69,35,5.250,13,22,35,0.63,1.06,1.68,4,42.32,99.98,8.5,5.87,18.08
Joffrey.Lupul,LR,TOR,55,30,5.250,10,11,21,0.71,0.78,1.48,-5,47.87,99.73,10.31,4.31,15.46
David.Krejci,C,BOS,47,28,5.250,7,24,31,0.5,1.71,2.21,-3,55.44,103.61,10,10.88,17.88
Alex.Steen,LC,STL,80,30,5.100,25,43,68,0.93,1.61,2.54,14,56.59,100.34,10.5,3.53,20.08
Shane.Doan,RL,ARI,79,37,5.050,14,22,36,0.56,0.89,1.45,-8,53.61,97.3,7.41,16.31,18.83
Valtteri.Filppula,CL,T.B,108,30,5.000,16,46,62,0.47,1.34,1.81,15,52.88,99.47,13.11,5.09,19.04
Brent.Seabrook,D,CHI,105,29,5.000,15,27,42,0.37,0.66,1.03,-6,53.07,99.98,6.67,4.95,23.24
Ryan.Kesler,C,ANA,97,30,5.000,27,33,60,0.84,1.03,1.87,-6,51.54,99.24,11.34,-8.66,19.87
Tomas.Plekanec,C,MTL,94,31,5.000,27,37,64,0.89,1.22,2.11,1,51.18,100.82,9.47,0.34,19.33
Jason.Garrison,D,T.B,93,29,5.000,6,31,37,0.2,1.02,1.22,-8,47.3,103.73,4.23,-5.83,19.6
Dennis.Wideman,D,CGY,91,31,5.000,15,48,63,0.39,1.26,1.65,9,46.9,103.64,7.85,11.59,25.12
Radim.Vrbata,R,VAN,85,33,5.000,33,34,67,1.41,1.45,2.87,-4,58.42,102.29,11.46,21.77,16.5
Sam.Gagner,C,ARI,81,25,5.000,15,26,41,0.65,1.12,1.77,-4,57.31,97.61,8.2,29.9,17.19
Jack.Johnson,D,CBJ,79,27,5.000,8,32,40,0.25,1,1.25,-9,47.05,100.51,5.67,-3.92,24.32
Paul.Martin,D,PIT,79,33,5.000,3,19,22,0.1,0.63,0.73,-4,50.53,99.78,4.55,-5.36,22.76
Jay.Bouwmeester,D,STL,78,30,5.000,2,11,13,0.07,0.38,0.45,-11,46.84,99.65,2.06,-12.75,22.45
Scott.Hartnell,L,CBJ,77,32,5.000,28,32,60,1.26,1.44,2.7,-19,57.21,100.91,13.79,19.88,17.33
Tuomo.Ruutu,LR,N.J,77,31,5.000,7,6,13,0.49,0.42,0.92,1,47.95,99.78,9.46,2.15,11.05
Tyler.Myers,D,BUF/WPG,75,24,5.000,8,21,29,0.26,0.68,0.94,-15,41.25,101.48,6.15,-6.27,24.69
Travis.Zajac,C,N.J,74,29,5.000,11,14,25,0.47,0.6,1.06,-1,47.42,100.14,9.82,3.93,19.04
James.Neal,RL,NSH,73,27,5.000,27,15,42,1.21,0.67,1.89,2,61.69,100.02,10.93,26.8,18.31
Alex.Burrows,RL,VAN,73,33,5.000,18,17,35,0.97,0.91,1.88,1,54.72,98.84,11.54,7.01,15.27
James.Wisniewski,D,ANA/CBJ,69,30,5.000,8,26,34,0.33,1.06,1.38,-2,53.4,99.51,5.44,12.56,21.35
Mike.Cammalleri,LC,N.J,68,32,5.000,27,15,42,1.31,0.73,2.03,-5,47.96,104.54,17.2,13.41,18.22
Sergei.Gonchar,D,DAL/MTL,48,40,5.000,1,13,14,0.07,0.9,0.97,-9,50.06,102.63,2.17,6.58,17.96
Johan.Franzen,RL,DET,33,34,5.000,7,15,22,0.79,1.7,2.49,-1,61.5,98.15,9.46,23.93,16.06
Ryane.Clowe,L,N.J,13,31,4.850,1,3,4,0.3,0.89,1.18,-1,53.35,102.83,6.67,14.86,15.63
Alex.Goligoski,D,DAL,81,29,4.800,4,32,36,0.13,1.01,1.13,3,50.63,98.99,3.28,-10.77,23.54
David.Backes,RC,STL,86,30,4.750,27,33,60,1,1.22,2.22,-3,52.07,101.13,13.99,-9.54,18.84
Bryan.Little,C,WPG,74,26,4.750,26,29,55,1.06,1.18,2.24,11,56.8,99.48,16.46,9.76,19.88
Fedor.Tyutin,D,CBJ,67,31,4.750,3,12,15,0.14,0.54,0.68,-14,40.47,101.31,5.36,-12.71,19.74
David.Clarkson,R,CBJ/TOR,61,30,4.750,10,5,15,0.71,0.36,1.07,-16,50.56,97.94,10.53,5.45,13.85
Kris.Versteeg,LR,CHI,73,28,4.700,15,21,36,0.81,1.13,1.94,0,56.6,101.94,9.55,22.3,15.25
Jake.Gardiner,D,TOR,79,24,4.650,4,20,24,0.15,0.73,0.88,-4,53.29,97.5,4,10.76,20.78
Brandon.Dubinsky,CL,CBJ,47,28,4.650,13,23,36,0.92,1.62,2.54,1,50.16,100.92,13,-7.3,18.08
Anton.Stralman,D,T.B,108,28,4.500,10,38,48,0.25,0.96,1.22,-1,52,101.62,5.26,-2.15,21.91
Andrew.Ladd,L,WPG,85,28,4.500,24,39,63,0.84,1.36,2.2,-25,57.35,100.03,10.13,11.95,20.22
Dan.Boyle,D,NYR,84,38,4.500,12,18,30,0.43,0.64,1.07,-4,57.14,101.81,8.16,26.93,20.04
James.van.Riemsdyk,L,TOR,82,25,4.500,27,29,56,1.04,1.12,2.16,1,51.34,99.64,10.89,23.29,19.01
Jakub.Voracek,R,PHI,82,25,4.500,22,59,81,0.85,2.29,3.14,4,61.59,101.92,9.95,28.72,18.86
Gabriel.Landeskog,L,COL,82,21,4.500,23,36,59,0.9,1.41,2.31,-3,53.29,100.45,10.75,7.99,18.66
Teddy.Purcell,RL,EDM,82,29,4.500,12,22,34,0.51,0.94,1.46,0,52.74,95.96,8.22,16.84,17.07
Loui.Eriksson,RL,BOS,81,29,4.500,22,25,47,0.89,1.01,1.9,8,57.47,99.59,13.02,10.96,18.36
Brooks.Laich,C,WSH,80,31,4.500,8,14,22,0.42,0.74,1.16,1,43.43,98.91,6.61,-17.19,14.2
Brad.Marchand,L,BOS,77,26,4.500,24,18,42,1.09,0.82,1.91,-11,56.23,97.25,13.33,-5.9,17.14
Tomas.Fleischmann,LR,ANA/FLA,72,30,4.500,8,20,28,0.47,1.17,1.64,8,52.52,100.79,5.84,4.19,14.23
Braydon.Coburn,D,PHI/T.B,69,29,4.500,2,13,15,0.09,0.6,0.7,-9,42.14,97.35,2.35,-23.39,18.7
Stephen.Weiss,LC,DET,54,31,4.500,9,16,25,0.9,1.59,2.49,-5,58.99,102.68,16.98,14.89,11.16
Nikita.Nikitin,D,EDM,42,28,4.500,4,6,10,0.3,0.44,0.74,-1,49.21,95.63,5,0.25,19.31
Ryan.McDonagh,D,NYR,90,25,4.300,11,31,42,0.32,0.89,1.2,-3,50.04,102.36,6.08,-9.2,23.24
Jonathan.Ericsson,D,DET,89,30,4.250,3,16,19,0.1,0.55,0.65,-12,43.02,98.54,3.45,-21.07,19.68
David.Perron,RL,EDM/PIT,86,26,4.250,17,25,42,0.69,1.01,1.7,1,59.86,95.1,8.17,22.34,17.22
Alexander.Edler,D,VAN,80,28,4.250,8,26,34,0.25,0.82,1.07,-21,52.58,101.39,4.42,-0.4,23.87
Kyle.Quincey,D,DET,80,29,4.250,3,18,21,0.12,0.69,0.81,-15,47.56,100.74,3.06,-9.48,19.52
Marc-Edouard.Vlasic,D,S.J,70,27,4.250,9,14,23,0.36,0.55,0.91,2,49.29,99.87,9.18,-16.5,21.69
Willie.Mitchell,D,FLA,66,37,4.250,3,5,8,0.13,0.21,0.33,-4,42.85,99.1,3.85,-30.19,21.8
Dan.Hamhuis,D,VAN,65,31,4.250,1,23,24,0.04,1.01,1.05,-6,50.81,99.23,1.15,-6.22,21.07
Andrew.MacDonald,D,PHI,58,28,4.250,2,10,12,0.11,0.53,0.63,-10,48.12,99.17,3.23,0.91,19.61
John-Michael.Liles,D,CAR,57,33,4.250,2,20,22,0.11,1.12,1.23,4,58.12,97.31,2.22,4.57,18.84
Niklas.Hjalmarsson,D,CHI,105,27,4.200,4,21,25,0.1,0.53,0.63,-19,47.57,101.52,3.31,-25.18,22.61
Chris.Stewart,R,BUF/MIN,89,26,4.200,14,24,38,0.59,1.01,1.6,-6,44.42,100.02,8.54,8.32,16
Kevin.Shattenkirk,D,STL,62,25,4.200,8,44,52,0.34,1.89,2.23,-5,58.8,102.96,5.41,22.57,22.57
Mike.Fisher,C,NSH,62,34,4.200,19,21,40,1.01,1.12,2.14,-2,53.61,99.92,16.81,6.52,18.13
Andrej.Meszaros,D,BUF,60,28,4.125,7,7,14,0.39,0.39,0.78,-16,40.95,99.17,10.45,12.76,17.85
Bryan.Bickell,L,CHI,98,28,4.000,14,19,33,0.68,0.93,1.61,-1,54.09,101.6,10.69,21.78,12.54
John.Carlson,D,WSH,96,24,4.000,13,48,61,0.35,1.28,1.63,-10,49.04,100.5,5.56,-8.15,23.39
Cam.Fowler,D,ANA,96,22,4.000,9,35,44,0.26,1.02,1.28,-5,52.15,101.03,7.83,1.78,21.46
Max.Pacioretty,L,MTL,91,25,4.000,42,32,74,1.44,1.1,2.53,-4,54.46,103.52,12.07,21.84,19.25
Jiri.Hudler,RL,CGY,89,30,4.000,35,49,84,1.33,1.87,3.2,10,54.59,104.79,20.23,25.69,17.71
Rob.Scuderi,D,PIT,87,35,4.000,1,9,10,0.04,0.33,0.36,-1,42.57,99.14,1.85,-17.42,19.04
Victor.Hedman,D,T.B,85,23,4.000,11,41,52,0.34,1.25,1.59,-2,53.28,100.96,6.15,2.62,23.14
Oliver.Ekman-Larsson,D,ARI,82,23,4.000,23,20,43,0.67,0.58,1.25,-3,52.56,98.12,8.71,4.72,25.11
Dennis.Seidenberg,D,BOS,82,33,4.000,3,11,14,0.1,0.36,0.46,-9,43.78,99.93,2.91,-18.64,22.1
Tyler.Bozak,C,TOR,82,28,4.000,23,26,49,0.88,1,1.88,10,52.23,98.56,14.94,12.35,19.09
Jason.Spezza,C,DAL,82,31,4.000,17,45,62,0.72,1.91,2.63,1,61.82,99.82,8.33,26.09,17.26
Jussi.Jokinen,C,FLA,81,31,4.000,8,36,44,0.36,1.62,1.98,-3,51.19,99.53,5.97,3.41,16.44
Drew.Stafford,RC,BUF/WPG,80,28,4.000,19,26,45,0.87,1.19,2.06,2,46.25,99.81,12.18,8.94,16.37
Chris.Kunitz,L,PIT,79,34,4.000,18,25,43,0.76,1.06,1.83,-8,62.29,101.15,10.23,23.2,17.89
Paul.Gaustad,C,NSH,79,32,4.000,4,10,14,0.24,0.6,0.84,-6,34.22,100.96,6.78,-55.18,12.68
David.Jones,R,CGY,78,30,4.000,16,19,35,0.85,1.01,1.87,6,46.5,100.64,11.76,-11.48,14.43
Ales.Hemsky,R,DAL,76,31,4.000,11,21,32,0.64,1.22,1.85,7,55.85,98.8,7.86,12.78,13.62
Zbynek.Michalek,D,STL/ARI,74,31,4.000,4,8,12,0.16,0.32,0.48,-4,45.24,97.62,4.44,-22.17,20.38
Mark.Fayne,D,EDM,74,27,4.000,2,6,8,0.09,0.27,0.36,-7,40.97,94.18,2.56,-24.83,17.95
Dmitry.Kulikov,D,FLA,73,23,4.000,3,19,22,0.12,0.73,0.85,-7,47.66,99.47,3.61,-15.8,21.32
Milan.Michalek,LR,OTT,72,29,4.000,14,21,35,0.72,1.08,1.79,3,49.47,102.49,9.72,8.63,16.25
Patric.Hornqvist,R,PIT,69,27,4.000,27,27,54,1.34,1.34,2.67,4,61.92,102.36,11.39,23.46,17.56
Erik.Cole,LR,DAL/DET,68,35,4.000,21,18,39,1.29,1.11,2.4,12,53.74,101.16,17.21,11.5,14.32
Matt.Cullen,LC,NSH,68,37,4.000,8,19,27,0.53,1.25,1.78,1,51.63,100.84,7.92,2.05,13.36
Kevin.Bieksa,D,VAN,66,33,4.000,4,10,14,0.18,0.44,0.62,-18,47.65,99.89,3.85,-0.16,20.59
Zach.Bogosian,D,BUF/WPG,62,24,4.000,3,17,20,0.12,0.7,0.82,-17,46.29,99.1,2.4,0.04,23.48
Mark.Giordano,D,CGY,61,30,4.000,11,37,48,0.43,1.45,1.89,3,52.18,101.55,7.01,-5.26,25.03
Benoit.Pouliot,L,EDM,58,27,4.000,19,15,34,1.22,0.96,2.18,-1,53.78,100.82,18.1,15.95,16.12
Daniel.Briere,RC,COL,57,36,4.000,8,4,12,0.7,0.35,1.05,0,46.21,99.68,11.59,11.84,11.99
Mikhail.Grabovski,C,NYI,54,30,4.000,9,10,19,0.7,0.78,1.49,9,57.36,99.77,10.47,-4.78,14.2
Stephane.Robidas,D,TOR,52,37,4.000,1,6,7,0.07,0.41,0.47,-13,39.54,102.2,2.94,-4.59,17.09
Christian.Ehrhoff,D,PIT,49,32,4.000,3,11,14,0.17,0.61,0.78,-3,50.84,102.1,2.73,0.35,22.03
Michael.Grabner,L,NYI,36,26,4.000,8,6,14,1.04,0.78,1.82,2,46.66,98.4,12.7,-21.76,12.82
Pascal.Dupuis,LR,PIT,16,35,4.000,6,5,11,1.37,1.14,2.5,-1,51.84,101.58,13.64,-0.88,16.47
Alexei.Emelin,D,MTL,80,28,3.900,3,13,16,0.11,0.48,0.59,-9,42.04,100.69,5.77,-14.93,20.17
Josh.Gorges,D,BUF,46,30,3.900,0,6,6,0,0.35,0.35,-3,32.11,94.57,0,-20.69,22.46
Derek.Stepan,C,NYR,87,24,3.850,21,46,67,0.78,1.71,2.49,-4,51.44,103.53,10.34,6.2,18.55
Antoine.Vermette,C,CHI/ARI,102,32,3.750,17,28,45,0.59,0.97,1.56,-13,49.89,98.03,13.6,8.27,16.98
Nick.Foligno,RL,CBJ,79,26,3.750,31,42,73,1.25,1.69,2.94,6,53.47,103.66,17.03,12.1,18.84
Andrew.Ference,D,EDM,70,35,3.750,3,11,14,0.14,0.5,0.63,-8,42.47,99.52,5.17,-15.59,19
Marc.Methot,D,OTT,51,29,3.750,1,10,11,0.05,0.52,0.57,-6,49.82,102.24,1.75,-3.12,22.72
Erik.Johnson,D,COL,47,26,3.750,12,11,23,0.62,0.57,1.2,-2,47.12,99.9,10.43,-2.51,24.54
Eric.Brewer,D,ANA/T.B/TOR,44,35,3.750,3,8,11,0.22,0.58,0.79,-13,40.29,99.5,9.09,-13.63,18.91
Patrik.Berglund,C,STL,83,26,3.700,14,17,31,0.71,0.86,1.57,-4,54.13,97.23,8.97,-2.32,14.31
Justin.Schultz,D,EDM,81,24,3.675,6,25,31,0.2,0.82,1.02,0,55.03,98.49,4.92,29.38,22.52
Troy.Brouwer,R,WSH,96,29,3.650,21,25,46,0.75,0.89,1.64,-12,53.56,102.68,12.65,5.83,17.58
Matt.Stajan,C,CGY,70,30,3.625,8,13,21,0.54,0.87,1.4,-6,40.4,101.05,14.04,-25.2,12.81
Johnny.Boychuk,D,NYI,79,30,3.600,9,28,37,0.31,0.97,1.28,1,55.31,99.55,4.25,0.97,21.96
Brad.Stuart,D,COL,65,34,3.600,3,10,13,0.14,0.45,0.59,-1,35.2,101.96,4.69,-15.23,20.34
David.Desharnais,C,MTL,93,28,3.500,15,36,51,0.57,1.36,1.92,5,55.49,103.84,14.29,27.92,17.09
Kyle.Turris,C,OTT,88,25,3.500,25,41,66,0.88,1.44,2.32,11,55.38,101.94,10.59,8.38,19.37
Mats.Zuccarello,RL,NYR,83,27,3.500,15,36,51,0.64,1.55,2.19,7,56.05,101.8,8.98,14.2,16.83
Andrew.Greene,D,N.J,82,31,3.500,3,19,22,0.09,0.58,0.68,2,40.09,99.39,3.61,-24.09,23.81
Francois.Beauchemin,D,ANA,80,34,3.500,11,21,32,0.36,0.68,1.04,-11,50.09,101.15,8.15,-4.75,23.11
Alex.Tanguay,LR,COL,80,34,3.500,22,33,55,0.92,1.38,2.31,-13,45.9,102.39,21.15,5.19,17.88
Chris.Kelly,LC,BOS,80,33,3.500,7,21,28,0.35,1.05,1.39,4,46.56,99.59,6.25,-12.9,15.06
Cody.Hodgson,C,BUF,78,24,3.500,6,7,13,0.36,0.42,0.78,7,43.21,96.52,4.72,10.52,12.79
Jaromir.Jagr,R,FLA/N.J,77,42,3.500,17,30,47,0.77,1.36,2.13,-6,57.16,100.83,10.06,19.08,17.2
Trevor.Daley,D,DAL,68,30,3.500,16,22,38,0.62,0.85,1.47,-6,46.54,99.73,14.16,-1.83,22.88
Nicklas.Grossmann,D,PHI,68,29,3.500,5,9,14,0.25,0.45,0.71,-8,41.15,99.83,11.63,-8.39,17.52
Kyle.Okposo,R,NYI,67,26,3.500,20,34,54,0.93,1.58,2.5,12,60.31,99.59,9.48,30.78,19.32
Scottie.Upshall,RL,FLA,63,30,3.500,8,7,15,0.6,0.52,1.12,5,47,94.81,8.6,-4.6,12.79
Michael.Ryder,R,N.J,47,34,3.500,6,13,19,0.52,1.12,1.64,-4,51.09,103.12,6.74,7.49,14.76
Bryan.Allen,D,ANA/MTL,11,34,3.500,0,2,2,0,0.68,0.68,-3,48.48,97,0,-8.45,15.97
Nick.Leddy,D,NYI,85,23,3.400,10,32,42,0.34,1.1,1.45,-2,57.16,100.25,7.41,9,20.5
Luke.Schenn,D,PHI,58,24,3.350,3,11,14,0.17,0.62,0.78,0,45.25,97.98,4.48,-8.8,18.48
Michael.Frolik,R,WPG,86,26,3.300,19,23,42,0.76,0.91,1.67,4,53.52,99.64,8.96,-2.13,17.54
Brandon.Sutter,C,PIT,85,25,3.300,22,13,35,0.91,0.54,1.44,11,46.96,99.65,11.46,-15.9,17.11
Cody.Franson,D,NSH/TOR,83,27,3.300,7,31,38,0.26,1.16,1.43,-9,51.95,99.97,5.26,4.74,19.26
Barret.Jackman,D,STL,86,33,3.250,2,13,15,0.08,0.55,0.63,0,47.65,97.88,2.3,-17.26,16.5
Clayton.Stoner,D,ANA,85,29,3.250,2,7,9,0.08,0.28,0.36,-9,47.76,98.38,2.35,-4.57,17.72
Jan.Hejda,D,COL,81,36,3.250,1,12,13,0.04,0.43,0.47,-16,40.01,98.89,1.19,-11.28,20.61
Jori.Lehtera,C,STL,80,26,3.250,14,32,46,0.65,1.49,2.15,-13,56.88,103.28,13.21,20.9,16.06
Jarret.Stoll,C,L.A,73,32,3.250,6,11,17,0.32,0.58,0.9,-14,47.63,99.24,7.23,-8.15,15.51
Clarke.MacArthur,L,OTT,68,29,3.250,18,20,38,0.94,1.04,1.98,4,56.29,100.92,11.61,11.88,16.97
Martin.Hanzal,C,ARI,37,27,3.250,8,16,24,0.73,1.47,2.2,-2,53.31,100.14,9.41,1.32,17.69
Ladislav.Smid,D,CGY,31,28,3.250,0,1,1,0,0.14,0.14,-1,39.33,92.55,0,-11.99,14.18
Bryce.Salvador,D,N.J,15,38,3.250,0,2,2,0,0.43,0.43,-3,35.28,93.76,0,-32.83,18.72
Wayne.Simmonds,RL,PHI,75,26,3.200,28,22,50,1.34,1.05,2.39,2,60.44,102.2,14.89,19.07,16.77
Jason.Demers,D,DAL/S.J,81,26,3.150,5,20,25,0.19,0.78,0.97,-11,53.62,99.76,5.05,-3.79,19.06
Carl.Gunnarsson,D,STL,67,27,3.150,2,10,12,0.1,0.5,0.6,7,48.74,101.36,3.57,5.45,18.02
Mason.Raymond,RL,CGY,65,28,3.150,12,13,25,0.78,0.85,1.63,6,48.83,98.45,9.09,11.6,14.13
Josh.Bailey,RL,NYI,77,24,3.100,17,29,46,0.8,1.36,2.16,7,54.91,99.56,11.18,17.6,16.63
Dainius.Zubrus,L,N.J,74,36,3.100,4,6,10,0.22,0.34,0.56,-7,41.7,99.04,5.56,-8.93,14.49
Nazem.Kadri,C,TOR,73,23,3.100,18,21,39,0.83,0.97,1.8,25,53.8,99.82,10.23,9.13,17.77
Roman.Polak,D,TOR,56,28,3.100,5,4,9,0.25,0.2,0.45,-8,39.36,96.61,8.2,-23.9,21.24
Artem.Anisimov,C,CBJ,52,26,3.100,7,20,27,0.49,1.41,1.9,4,49.84,98.28,7.95,0.64,16.36
Jeff.Petry,D,EDM/MTL,90,26,3.075,9,16,25,0.28,0.5,0.78,-11,48.78,97.76,5.88,-8.06,21.43
Justin.Williams,R,L.A,81,32,3.050,18,23,41,0.84,1.08,1.92,8,58.99,101.56,10.34,5.72,15.8
Joel.Ward,R,WSH,96,33,3.000,22,21,43,0.81,0.78,1.59,3,51.27,100.55,12.43,-3.75,16.89
Marek.Zidlicky,D,DET/N.J,90,37,3.000,7,27,34,0.22,0.87,1.09,-14,55.38,101.14,5.07,24.7,20.79
Nikolay.Kulemin,LR,NYI,89,28,3.000,16,17,33,0.73,0.78,1.51,4,47.62,99.42,13.33,-14.4,14.69
Roman.Josi,D,NSH,87,24,3.000,16,40,56,0.41,1.02,1.43,6,49.89,100.39,7.21,-8.95,27.1
Deryk.Engelland,DR,CGY,87,32,3.000,2,10,12,0.09,0.46,0.55,-7,38.34,97,3.23,-15.16,15.05
Frans.Nielsen,C,NYI,85,30,3.000,15,30,45,0.63,1.27,1.9,10,53.53,99.7,8.93,-2.06,16.72
Kyle.Brodziak,C,MIN,83,30,3.000,9,11,20,0.51,0.62,1.13,-6,37.98,98.73,9.18,-31.16,12.84
Ryan.Johansen,C,CBJ,82,22,3.000,26,45,71,0.98,1.69,2.67,-3,51.2,101.08,12.87,5.09,19.49
Ron.Hainsey,D,CAR,81,33,3.000,2,8,10,0.07,0.28,0.36,-4,48.23,97.28,2.41,-9.29,20.84
Matt.Read,RL,PHI,80,28,3.000,8,22,30,0.35,0.96,1.31,5,45.86,98.97,5.63,-15.24,17.13
Kevin.Klein,D,NYR,79,29,3.000,9,21,30,0.37,0.86,1.22,-2,45.69,101.86,9.28,-15.47,18.62
Shawn.Horcoff,LC,DAL,76,35,3.000,11,18,29,0.69,1.13,1.82,-9,53.77,101.51,13.41,3.28,12.57
Adam.Henrique,CL,N.J,75,24,3.000,16,27,43,0.72,1.21,1.92,-1,44.88,101.82,12.6,-0.47,17.88
Boyd.Gordon,C,EDM,68,30,3.000,6,7,13,0.39,0.45,0.84,3,39.41,96.84,9.23,-42.67,13.62
Robyn.Regehr,D,L.A,67,34,3.000,3,10,13,0.13,0.45,0.58,-15,44.63,101.17,4.76,-21.48,20.07
Mathieu.Perreault,CL,WPG,65,26,3.000,18,25,43,1.03,1.42,2.45,-1,63.84,100.22,13.14,14.65,16.2
Matt.Cooke,LR,MIN,36,36,3.000,4,8,12,0.55,1.1,1.65,5,37.82,98.22,12.5,-30.23,12.1
Slava.Voynov,D,L.A,6,24,3.000,0,2,2,0,0.89,0.89,-1,43.08,103.75,0,-8.14,22.45
Jiri.Tlusty,LR,CAR/WPG,76,26,2.950,14,17,31,0.7,0.85,1.55,3,56.55,96.81,11.2,6.77,15.76
Leo.Komarov,LR,TOR,62,27,2.950,8,18,26,0.52,1.17,1.69,3,40.63,98.68,9.52,-20.96,14.89
Luca.Sbisa,D,VAN,82,24,2.900,4,9,13,0.16,0.35,0.51,-1,42.62,99.58,4.71,-7.71,18.69
Jared.Spurgeon,D,MIN,76,24,2.900,10,19,29,0.35,0.66,1.01,3,52.04,99.11,7.19,-4.1,22.59
Jamie.McGinn,LR,COL,19,26,2.900,4,2,6,0.86,0.43,1.29,-1,46.03,95.74,11.11,5.27,14.74
Tomas.Kopecky,LR,FLA,64,32,2.850,2,6,8,0.14,0.43,0.57,2,41.81,94.65,1.89,-17.08,13.06
Johnny.Oduya,D,CHI,99,32,2.825,2,13,15,0.06,0.37,0.43,-1,47.18,99.35,1.92,-11.67,21.33
Tyler.Johnson,CR,T.B,103,24,2.800,42,53,95,1.39,1.76,3.15,20,52.72,104.77,15.97,8,17.55
Ondrej.Palat,L,T.B,101,23,2.800,24,55,79,0.8,1.83,2.63,4,53.35,104.54,13.19,9.37,17.86
Karl.Alzner,D,WSH,96,25,2.800,7,18,25,0.23,0.59,0.82,-6,46.57,100.96,8.24,-10.19,19.16
Tom.Gilbert,D,MTL,84,31,2.800,6,11,17,0.22,0.41,0.63,-7,43.79,100.83,7.23,-9.08,19.36
Mikkel.Boedker,RL,ARI,45,24,2.800,14,14,28,1.07,1.07,2.15,10,55.04,99.89,17.72,25.96,17.38
Tomas.Tatar,LR,DET,89,23,2.750,32,28,60,1.33,1.16,2.49,8,64.87,100.91,13.97,17.74,16.24
Brad.Boyes,R,FLA,78,32,2.750,14,24,38,0.69,1.18,1.86,-5,56.3,101.72,9.27,9.73,15.69
Mark.Stuart,D,WPG,74,30,2.750,3,13,16,0.13,0.55,0.67,-24,43.51,99.3,5.56,-22.79,19.31
Sean.Bergenheim,L,FLA/MIN,59,30,2.750,9,10,19,0.71,0.79,1.5,-3,53.63,97.68,8.26,-0.23,12.9
Andrew.Cogliano,C,ANA,98,27,2.700,18,20,38,0.75,0.83,1.59,11,49.33,99.9,9.94,-0.5,14.67
Jared.Cowen,D,OTT,54,23,2.700,3,6,9,0.18,0.37,0.55,-5,45.25,97.47,6.38,-12.14,18.03
Kris.Russell,D,CGY,90,27,2.600,6,35,41,0.16,0.96,1.12,4,44.78,104.17,4.84,12.39,24.34
Steve.Ott,C,STL,84,32,2.600,3,9,12,0.18,0.55,0.74,-8,43.27,97.7,5.45,-16.05,11.6
Brandon.Prust,C,MTL,94,30,2.500,5,17,22,0.24,0.83,1.07,-7,41.92,99.38,5.1,-22.13,13.07
Lars.Eller,CL,MTL,89,25,2.500,16,14,30,0.7,0.61,1.31,2,46.61,98.76,9.09,-14.12,15.47
Colin.Wilson,C,NSH,83,24,2.500,25,22,47,1.09,0.96,2.06,4,58.7,102.09,13.09,19.43,16.52
Chris.Higgins,L,VAN,83,31,2.500,13,25,38,0.59,1.13,1.72,7,49.49,99.44,6.99,-7.34,15.93
David.Legwand,CL,OTT,83,34,2.500,9,18,27,0.47,0.93,1.4,-8,52.2,100.85,9.78,-3.74,13.92
Cal.Clutterbuck,R,NYI,83,26,2.500,9,10,19,0.5,0.55,1.05,0,47.1,97.76,6.62,-21.35,13.08
Justin.Faulk,D,CAR,82,22,2.500,15,34,49,0.45,1.02,1.46,-6,55.42,97.61,6.3,-1.33,24.5
Darren.Helm,C,DET,82,27,2.500,15,21,36,0.68,0.95,1.64,16,57.05,100.81,8.88,2.51,16.11
Matt.Greene,D,L.A,82,31,2.500,3,6,9,0.14,0.27,0.41,-13,48.13,96.27,4.35,-6.55,16.03
Curtis.Glencross,L,CGY/WSH,81,31,2.500,14,22,36,0.69,1.09,1.78,-6,50.93,101.74,11.48,0.2,14.94
Torrey.Mitchell,C,BUF/MTL,77,29,2.500,7,12,19,0.39,0.67,1.07,-9,35.27,99.11,10.94,-19.17,13.88
Travis.Hamonic,D,NYI,71,24,2.500,5,28,33,0.19,1.08,1.27,-17,49.58,100.13,3.79,-8.6,21.88
Olli.Jokinen,C,NSH/STL/TOR,62,35,2.500,4,6,10,0.29,0.44,0.73,-3,47.24,99.24,3.64,-6.51,13.27
Rene.Bourque,LR,ANA/CBJ/MTL,51,32,2.500,6,8,14,0.55,0.73,1.28,-5,50.48,99,7.06,9.06,12.87
Chris.Phillips,D,OTT,36,36,2.500,0,3,3,0,0.24,0.24,-3,38.61,102.12,0,-16.46,20.73
Jakub.Kindl,D,DET,36,27,2.500,5,8,13,0.52,0.83,1.35,-7,61.7,101.36,8.77,19.7,16
Viktor.Stalberg,RL,NSH,31,28,2.500,3,10,13,0.47,1.58,2.05,0,49.09,99.8,6.67,-6.29,12.29
Damien.Brunner,RL,N.J,17,28,2.500,2,5,7,0.47,1.16,1.63,-3,60.29,102.21,6.9,17.56,15.17
Carl.Hagelin,L,NYR,101,26,2.400,19,21,40,0.73,0.81,1.54,5,46.5,100.56,8.68,-14.05,15.39
Alex.Killorn,LR,T.B,97,25,2.400,24,32,56,0.84,1.12,1.95,5,54.87,99.64,12.24,8.89,17.73
Ryan.Wilson,D,COL,3,27,2.375,0,0,0,0,0,0,1,45.45,82.35,0,-0.55,11.1
Chris.Kreider,L,NYR,99,23,2.350,28,27,55,1.06,1.02,2.08,-4,55.4,103.51,12.84,12.8,16.03
Tommy.Wingels,RL,S.J,75,26,2.350,15,21,36,0.73,1.02,1.75,15,49.18,98.56,9.55,1.7,16.44
Tyler.Kennedy,RL,NYI/S.J,41,28,2.350,6,8,14,0.79,1.05,1.85,-2,54.39,96.93,6.98,2.01,11.1
Lauri.Korpikoski,LR,ARI,69,28,2.300,6,15,21,0.34,0.86,1.2,4,42.46,96.71,7.32,-8.75,15.23
Grant.Clitsome,D,WPG,24,29,2.300,0,4,4,0,0.6,0.6,-3,52.71,101.92,0,3.29,16.61
Brayden.Schenn,LC,PHI,82,23,2.250,18,29,47,0.77,1.24,2.01,7,58.22,102.9,11.54,24.38,17.15
Martin.Erat,RL,ARI,79,33,2.250,9,23,32,0.43,1.11,1.54,-13,56.04,97.72,10,7.14,15.76
Erik.Gudbranson,D,FLA,76,22,2.250,4,9,13,0.17,0.38,0.54,-6,46.93,98.3,3.64,-15.9,18.86
Jordan.Leopold,D,CBJ/MIN/STL,52,34,2.250,1,3,4,0.08,0.24,0.32,-4,44.01,98.76,2.17,-3.25,14.21
Nick.Spaling,LC,PIT,87,25,2.200,10,19,29,0.46,0.88,1.34,-8,47.03,98.61,10.53,-9.35,14.96
Patrick.Wiercioch,D,OTT,62,24,2.200,5,12,17,0.27,0.64,0.91,-13,58.82,100.75,5.49,18.55,18.02
Marcus.Johansson,C,WSH,96,23,2.175,21,30,51,0.8,1.14,1.94,13,59.34,103.24,13.46,24.79,16.43
Danny.Dekeyser,D,DET,87,24,2.125,3,29,32,0.1,0.97,1.07,-12,50.7,100.11,3.26,-8.42,20.72
Chris.Neil,R,OTT,40,35,2.100,4,3,7,0.61,0.46,1.07,0,46.24,104.9,16.67,-3.84,9.77
Brian.Boyle,CL,T.B,107,29,2.000,16,10,26,0.68,0.43,1.11,0,40.93,98.68,9.14,-29.43,13.14
Brad.Richards,C,CHI,99,34,2.000,15,36,51,0.6,1.44,2.04,-1,57.3,101.07,6.02,26.51,15.18
Jason.Chimera,L,WSH,91,35,2.000,10,16,26,0.5,0.8,1.3,-6,43.51,100.74,7.63,-7.97,13.22
Craig.Smith,R,NSH,88,25,2.000,24,24,48,1.02,1.02,2.03,1,59.77,100.77,8.51,26.96,16.08
Derek.Dorsett,LR,VAN,85,27,2.000,7,18,25,0.4,1.04,1.44,2,43.05,102.45,7.45,0.05,12.21
Jaden.Schwartz,LC,STL,81,22,2.000,29,37,66,1.18,1.51,2.69,2,55.88,100.64,14.57,18.76,18.19
Tyson.Barrie,D,COL,80,23,2.000,12,41,53,0.43,1.45,1.88,-3,51.53,101.92,8.63,17.81,21.16
Christopher.Tanev,D,VAN,76,24,2.000,2,21,23,0.08,0.79,0.87,4,47.89,99.39,3.51,-15.24,20.91
Justin.Abdelkader,RL,DET,76,27,2.000,23,23,46,1.03,1.03,2.06,3,59.96,101.04,14.38,19.62,17.64
Eric.Nystrom,LR,NSH,60,31,2.000,7,5,12,0.53,0.38,0.91,6,35.82,100.47,11.67,-50.54,13.25
Kimmo.Timonen,D,CHI,34,39,2.000,0,0,0,0,0,0,-5,47.61,100.49,0,17.32,10.31
Cody.McCormick,C,BUF,33,31,2.000,1,3,4,0.15,0.46,0.62,0,29.33,96.13,3.23,-20.98,11.8
Colin.Greening,L,OTT,26,28,2.000,1,0,1,0.23,0,0.23,-2,51.42,96.08,2.5,-5.99,10.09
Keith.Ballard,D,MIN,14,31,2.000,0,1,1,0,0.35,0.35,-2,42.81,100.48,0,-6.63,12.24
Shea.Weber,D,NSH,80,29,14.000,15,30,45,0.42,0.85,1.27,-15,50.39,100.4,6.38,-7.62,26.62
Sidney.Crosby,C,PIT,82,27,12.000,30,58,88,1.1,2.12,3.22,14,61.66,100.64,12.15,24.73,20.03
Ryan.Suter,D,MIN,87,29,11.000,2,39,41,0.05,0.95,0.99,-10,53.36,98.91,1.23,18.44,28.42
Zach.Parise,L,MIN,84,30,11.000,37,35,72,1.36,1.29,2.65,7,58.16,102.15,13.26,28.74,19.38
Alex.Ovechkin,LR,WSH,95,28,10.000,58,32,90,1.78,0.98,2.76,4,61.91,101.43,12.72,26.62,20.57
Phil.Kessel,R,TOR,82,26,10.000,25,36,61,0.98,1.41,2.38,-4,54.24,99,8.93,25.08,18.74
Claude.Giroux,C,PHI,81,26,10.000,25,48,73,0.88,1.69,2.58,5,58.98,100.67,8.96,12.29,20.98
Pavel.Datsyuk,CL,DET,70,36,10.000,29,41,70,1.31,1.85,3.15,14,65.17,100.86,15.93,18.13,19.04
Nino.Niederreiter,LR,MIN,90,22,1.900,28,14,42,1.3,0.65,1.95,4,53.91,100.55,16.67,-5.55,14.39
Tanner.Glass,L,NYR,85,30,1.900,1,6,7,0.07,0.41,0.48,-6,40.88,97.45,1.54,-21.71,10.33
Shawn.Matthias,LC,VAN,84,26,1.850,19,10,29,1.05,0.55,1.61,6,45.96,99.33,13.97,-1.29,12.9
Matt.Hendricks,LR,EDM,71,33,1.850,8,8,16,0.51,0.51,1.02,-11,39.61,95.37,7.77,-42.52,13.29
Travis.Moen,RL,DAL/MTL,44,32,1.850,3,6,9,0.44,0.88,1.32,-1,40.4,102.03,8.82,-17.07,9.28
Adam.Burish,C,S.J,20,31,1.850,1,2,3,0.26,0.53,0.79,-2,32.13,95.72,4.55,-28.58,11.37
Adam.McQuaid,D,BOS,63,27,1.800,1,6,7,0.05,0.31,0.36,-12,45.13,98.18,1.67,-8.51,18.34
Dwight.King,RL,L.A,81,25,1.750,13,13,26,0.67,0.67,1.35,-2,52.56,97.69,10.24,-1.24,14.29
Michal.Rozsival,D,CHI,75,36,1.750,1,13,14,0.05,0.61,0.66,-7,53.43,98.1,1.64,2,16.92
Andrej.Sekera,D,CAR/L.A,73,28,1.750,3,20,23,0.11,0.75,0.86,1,53.71,98.88,3,-3.51,21.92
Mike.Weaver,D,MTL,31,36,1.750,0,4,4,0,0.55,0.55,-1,36.92,100.92,0,-19.67,14.02
Nick.Bonino,CL,VAN,81,26,1.700,16,26,42,0.7,1.14,1.85,-1,48.97,99.44,9.88,-8.92,16.83
Jared.Boll,R,CBJ,72,28,1.700,1,4,5,0.11,0.46,0.57,-9,37.09,98.41,3.57,1.28,7.31
Gregory.Campbell,CL,BOS,70,30,1.700,6,6,12,0.43,0.43,0.86,-2,36.85,100.18,9.38,-16.96,12.01
John.Mitchell,C,COL,68,29,1.700,11,15,26,0.62,0.85,1.48,1,43.39,100.43,10.48,-0.45,15.54
Zack.Smith,CL,OTT,40,26,1.700,3,1,4,0.38,0.13,0.51,1,44.21,96.69,6.98,-14.32,11.74
Nate.Thompson,C,ANA,92,29,1.600,7,17,24,0.33,0.81,1.14,1,41.81,99.78,7.07,-19.14,13.75
Jim.Slater,C,WPG,86,31,1.600,5,8,13,0.37,0.59,0.96,-4,34.02,98.41,9.43,-28.61,9.43
Antoine.Roussel,L,DAL,80,24,1.600,13,12,25,0.66,0.61,1.28,-5,47.65,95.63,11.5,-16.02,14.69
Eric.Fehr,C,WSH,79,29,1.600,19,14,33,0.99,0.73,1.73,7,47.21,100.46,13.19,-12.35,14.51
Ryan.Garbutt,RL,DAL,67,29,1.600,8,17,25,0.52,1.1,1.62,-7,46.57,97.08,5.59,-18.41,13.81
Brenden.Morrow,L,T.B,94,35,1.550,3,5,8,0.21,0.35,0.56,-10,50.63,98.5,7.32,-9.16,9.1
Andrew.Shaw,CR,CHI,102,23,1.500,20,18,38,0.77,0.69,1.46,7,61.21,99.41,10.53,12.72,15.32
Dominic.Moore,CL,NYR,101,34,1.500,11,19,30,0.47,0.8,1.27,-2,42.63,98.54,7.38,-39.46,14.04
Jannik.Hansen,RL,VAN,87,28,1.500,18,19,37,0.87,0.92,1.8,5,47.96,99.35,11.76,-2.49,14.21
Mike.Santorelli,RC,NSH/TOR,83,28,1.500,13,21,34,0.66,1.06,1.72,3,46.94,101.41,8.55,-4.02,14.3
Sean.Couturier,C,PHI,82,21,1.500,15,22,37,0.61,0.89,1.5,10,46.49,99.51,10.14,-22.22,18
Ben.Smith,C,CHI/S.J,80,26,1.500,7,7,14,0.4,0.4,0.8,8,42.35,100.03,7.61,-37.58,13.05
Cody.Eakin,C,DAL,78,23,1.500,19,21,40,0.85,0.94,1.78,1,48.84,99.55,13.38,-9.98,17.25
Nathan.Gerbe,LR,CAR,78,27,1.500,10,18,28,0.47,0.84,1.31,10,55.36,97.01,4.26,1.17,16.39
Trevor.Lewis,C,L.A,73,27,1.500,9,16,25,0.52,0.92,1.44,6,51.01,99.08,6.29,-4.96,14.27
Justin.Braun,D,S.J,70,27,1.500,1,22,23,0.04,0.91,0.95,-5,46.41,99.81,1.06,-16.6,20.82
Ryan.Ellis,D,NSH,64,23,1.500,9,21,30,0.43,1,1.43,7,57.2,100.76,6.87,11.06,19.65
Mike.Weber,D,BUF,64,26,1.500,2,7,9,0.1,0.35,0.45,-17,34.25,96.87,4.26,-9.96,18.8
Mikael.Backlund,C,CGY,63,25,1.500,11,18,29,0.59,0.97,1.56,-5,47.43,99.41,8.27,-8.63,17.75
Marcus.Foligno,LC,BUF,57,23,1.500,8,12,20,0.51,0.77,1.28,2,37.57,100.88,12.12,-2.37,16.45
Jay.Harrison,D,CAR/WPG,55,31,1.500,3,6,9,0.2,0.41,0.61,-17,47.39,99.05,6,-5.56,16.01
Zack.Kassian,R,VAN,42,23,1.500,10,6,16,1.12,0.67,1.79,-3,51.35,98.59,18.18,9.29,12.74
Martin.Havlat,RL,N.J,40,33,1.500,5,9,14,0.52,0.93,1.45,-1,48.54,99.88,10.2,3.81,14.53
Daniel.Cleary,RL,DET,17,35,1.500,1,1,2,0.38,0.38,0.77,-2,50.97,94.55,5.88,9.81,9.23
Kyle.Palmieri,RL,ANA,73,23,1.450,15,18,33,0.88,1.06,1.94,-2,55.28,100.9,10.2,9.85,13.99
Marcus.Kruger,C,CHI,104,24,1.400,9,12,21,0.38,0.51,0.89,2,44.71,97.21,5.88,-50.43,13.65
Reilly.Smith,RL,BOS,81,23,1.400,13,27,40,0.62,1.28,1.9,4,60.25,100.15,9.09,13.36,15.56
Matt.Beleskey,L,ANA,81,26,1.400,30,11,41,1.49,0.54,2.03,0,56.75,101.43,15.79,8.23,14.95
Torey.Krug,D,BOS,78,23,1.400,12,27,39,0.47,1.07,1.54,4,59.22,101.85,5.85,23.82,19.44
Magnus.Paajarvi,RL,STL,10,23,1.400,0,1,1,0,0.64,0.64,-2,55.48,98.27,0,0.46,9.44
Drew.Miller,LR,DET,89,30,1.350,6,9,15,0.29,0.44,0.73,-1,31.72,98.77,5.66,-33.61,13.77
Daniel.Winnik,C,PIT/TOR,84,29,1.300,9,25,34,0.39,1.09,1.48,9,40.88,101.63,9.09,-22.48,16.38
James.Sheppard,C,NYR/S.J,84,26,1.300,8,12,20,0.46,0.69,1.14,2,48.67,100.13,8.79,-10.36,12.48
David.Savard,D,CBJ,82,23,1.300,11,25,36,0.35,0.8,1.15,-22,45.6,101.16,9.82,-7.9,22.89
Derek.MacKenzie,CL,FLA,82,33,1.300,5,6,11,0.29,0.34,0.63,-2,40.62,94.93,6.94,-19.78,12.73
Erik.Condra,RL,OTT,74,28,1.300,10,14,24,0.55,0.77,1.32,11,45.83,100.66,8.33,-26.35,14.7
Daniel.Paille,L,BOS,71,30,1.300,6,7,13,0.45,0.52,0.97,-1,41.01,97.03,9.09,-5.98,11.29
Michael.Del.Zotto,D,PHI,64,24,1.300,10,22,32,0.43,0.95,1.38,-9,48.14,99.81,8.4,-3.01,21.79
Mark.Letestu,CR,CBJ,54,29,1.300,7,6,13,0.58,0.5,1.08,5,36.6,97.77,11.11,-19,13.36
Brendan.Smith,D,DET,81,25,1.275,4,9,13,0.17,0.37,0.54,-6,53.35,98.18,4.26,1.81,17.82
Joe.Colborne,C,CGY,75,24,1.275,9,22,31,0.46,1.13,1.59,-11,45.7,101.54,12.16,4.5,15.56
David.Schlemko,D,CGY/DAL/ARI,55,27,1.275,1,4,5,0.07,0.29,0.36,-7,49.84,98.51,1.67,-0.72,15
Sami.Vatanen,D,ANA,83,23,1.250,15,33,48,0.51,1.11,1.62,-4,53.93,100.16,9.55,10,21.46
Max.Talbot,C,BOS/COL,81,30,1.250,5,13,18,0.27,0.71,0.98,7,38.02,98.48,5.15,-12.8,13.59
Brenden.Dillon,D,DAL/S.J,80,23,1.250,2,8,10,0.08,0.31,0.39,-7,48.74,96.38,2.2,-7.31,19.46
Nick.Schultz,D,PHI,80,32,1.250,2,13,15,0.08,0.51,0.59,-16,42.19,98.72,2.9,-21.35,19.05
Matt.Bartkowski,D,BOS,47,26,1.250,0,4,4,0,0.3,0.3,-1,48.25,97.92,0,-3.42,16.78
Patrick.Kaleta,RL,BUF,42,28,1.250,0,3,3,0,0.48,0.48,4,27.98,93.83,0,-16.63,8.96
Tim.Gleason,D,CAR/WSH,86,31,1.200,1,9,10,0.04,0.39,0.43,9,44.97,97.41,1.64,-5.99,16.14
Chris.Thorburn,LR,WPG,85,31,1.200,7,7,14,0.61,0.61,1.21,1,48.39,98.83,9.86,1.4,8.15
Maxim.Lapierre,C,PIT/STL,85,29,1.200,2,9,11,0.13,0.57,0.7,-6,36.18,96.03,2.13,-27.44,11.06
Michael.Stone,D,ARI,81,24,1.200,3,15,18,0.11,0.54,0.64,-20,47.38,97.42,2.08,3.18,20.75
Eric.Gryba,D,OTT,81,26,1.200,0,12,12,0,0.56,0.56,-12,41.28,101.97,0,-23.14,15.76
Kyle.Clifford,L,L.A,80,23,1.200,6,9,15,0.42,0.63,1.05,-9,54.05,99.77,5.13,1.97,10.69
Marcel.Goc,C,PIT/STL,78,31,1.200,3,6,9,0.2,0.4,0.6,-1,41.47,97.66,3.7,-20.79,11.55
Shawn.Thornton,R,FLA,46,37,1.200,1,4,5,0.14,0.54,0.68,-6,49.38,94.57,1.89,2.05,9.6
Cam.Atkinson,R,CBJ,78,25,1.175,22,18,40,1,0.82,1.83,-2,52.54,100.87,10.38,14.53,16.85
Cody.McLeod,LR,COL,82,30,1.150,7,5,12,0.45,0.32,0.78,-9,37.77,101.07,7.45,-4.24,11.27
Marco.Scandella,D,MIN,74,24,1.150,13,13,26,0.49,0.49,0.97,-12,47.53,101.02,10.08,-19.92,21.7
Brandon.Bollig,L,CGY,73,27,1.150,3,4,7,0.3,0.4,0.7,-7,43.43,97.15,3.66,-8.13,8.25
Brad.Richardson,C,VAN,50,29,1.150,8,13,21,0.67,1.09,1.76,-7,43.16,98.62,10.81,-15.2,14.31
Mike.Brown,RL,S.J,12,29,1.150,0,0,0,0,0,0,-4,45.06,100.48,0,-3.07,8.28
Ryan.Reaves,R,STL,87,27,1.125,7,6,13,0.56,0.48,1.05,-7,46.48,100.11,12.28,0.96,8.57
Matthew.Calvert,L,CBJ,56,24,1.125,13,10,23,0.89,0.68,1.58,6,46.02,101.57,13.98,-5.89,15.64
Matthew.Martin,LR,NYI,85,25,1.100,8,7,15,0.49,0.43,0.92,6,52.51,98.06,8.08,-8.69,11.48
Ben.Lovejoy,D,ANA/PIT,65,30,1.100,2,14,16,0.09,0.65,0.74,-7,47.57,98.16,2.08,-12.85,19.94
David.Booth,LR,TOR,59,29,1.100,7,6,13,0.6,0.52,1.12,2,43.5,97.44,6.54,-6.06,11.82
Alec.Martinez,D,L.A,56,27,1.100,6,16,22,0.32,0.87,1.19,5,53.47,101.39,5.83,-4.41,19.79
Matt.Irwin,D,S.J,53,26,1.100,8,11,19,0.53,0.73,1.26,0,53.61,100.21,8.6,6.3,17.04
Mark.Fistric,D,ANA,9,28,1.100,0,0,0,0,0,0,-2,45.6,94.63,0,-10.47,14.97
Gustav.Nyquist,LR,DET,89,25,1.050,28,28,56,1.14,1.14,2.28,14,60.42,100.46,13.4,23,16.58
Mike.Ribeiro,C,NSH,88,34,1.050,16,51,67,0.57,1.82,2.4,3,61.53,100.08,14.95,33.67,19.06
Dalton.Prout,D,CBJ,63,24,1.050,0,8,8,0,0.42,0.42,-6,41.37,96.91,0,-11.84,18.12
Mattias.Ekholm,D,NSH,86,24,1.038,8,11,19,0.29,0.4,0.69,-14,53.16,100.99,8.7,-0.54,19.26
Dale.Weise,R,MTL,91,26,1.025,12,20,32,0.64,1.07,1.71,7,44.54,105.4,10.17,-2.88,12.31
Carl.Soderberg,C,BOS,82,28,1.000,13,31,44,0.57,1.35,1.92,-2,57.29,102.19,7.98,13.36,16.75
Jay.McClement,C,CAR,82,31,1.000,7,14,21,0.38,0.75,1.13,-2,37.22,100.29,10.29,-28.25,13.58
Vernon.Fiddler,C,DAL,80,34,1.000,13,16,29,0.75,0.92,1.67,13,43.6,98.69,9.85,-21.53,13.06
Steve.Downie,RL,PIT,77,27,1.000,14,16,30,0.89,1.01,1.9,-21,54.37,100.82,12.96,3.55,12.29
Jake.Muzzin,D,L.A,76,25,1.000,10,31,41,0.35,1.08,1.43,1,59.93,97.99,5.78,12.37,22.57
Jay.Beagle,RC,WSH,76,28,1.000,11,14,25,0.65,0.82,1.47,-3,43.6,99.85,10.19,-17.29,13.45
Derek.Roy,C,EDM/NSH,72,31,1.000,12,20,32,0.65,1.08,1.73,3,52.31,98.79,10.62,15.51,15.41
Calvin.De.Haan,D,NYI,70,23,1.000,1,12,13,0.05,0.54,0.59,2,48.92,97.59,1.05,-7.79,18.99
Michael.Raffl,L,PHI,67,25,1.000,21,7,28,1.32,0.44,1.77,-2,53.57,98.34,15.67,6.07,14.2
Scott.Hannan,D,S.J,58,35,1.000,2,5,7,0.12,0.31,0.44,-10,43.62,99.56,3.77,-2.15,16.59
Anton.Volchenkov,D,NSH,47,32,1.000,0,7,7,0,0.68,0.68,-5,49.51,99.95,0,-3.13,13.09
Radko.Gudas,D,T.B,31,24,1.000,2,3,5,0.23,0.34,0.57,-8,49.9,97.21,3.17,-2.49,17.12
Jesse.Joensuu,RL,EDM,20,26,1.000,2,2,4,0.57,0.57,1.14,-6,43.19,89.31,11.11,-46.15,10.56
Dany.Heatley,LR,ANA,6,33,1.000,0,0,0,0,0,0,0,46.83,93.05,0,14.55,12.19
Justin.Fontaine,R,MIN,77,26,0.950,10,23,33,0.67,1.54,2.22,3,49.7,102.59,9.26,-8.3,11.61
Joe.Vitale,CR,ARI,70,29,0.950,3,6,9,0.23,0.46,0.68,-4,34.36,94.91,5.45,-26.56,11.27
Hampus.Lindholm,D,ANA,94,20,0.925,9,35,44,0.26,1.02,1.29,-8,50.63,101.34,7.03,-2.49,21.85
Sean.Monahan,C,CGY,92,19,0.925,34,34,68,1.13,1.13,2.26,9,50.27,103.7,15.81,12.8,19.66
Alex.Galchenyuk,LC,MTL,92,20,0.925,21,29,50,0.84,1.15,1.99,1,56.06,102.19,11.23,22.75,16.4
Johnny.Gaudreau,L,CGY,91,21,0.925,28,45,73,1.04,1.67,2.71,17,53.38,104.37,14.66,25.96,17.77
Seth.Jones,D,NSH,88,19,0.925,8,23,31,0.27,0.78,1.05,3,53.66,98.23,6.11,4.71,20.11
Filip.Forsberg,LR,NSH,88,20,0.925,30,39,69,1.16,1.51,2.67,11,61.88,100.64,11.58,31.89,17.59
Cody.Ceci,D,OTT,87,20,0.925,5,18,23,0.18,0.66,0.84,3,46.19,99.69,3.7,-5.66,18.95
Rickard.Rakell,C,ANA,87,21,0.925,10,22,32,0.56,1.23,1.79,-4,56,101.54,8,10.71,12.34
Tomas.Hertl,RL,S.J,82,20,0.925,13,18,31,0.65,0.9,1.55,7,56.63,99.48,8.97,2.85,14.65
Aaron.Ekblad,D,FLA,81,18,0.925,12,27,39,0.41,0.93,1.34,0,57.61,100.64,7.06,24.06,21.48
Morgan.Rielly,D,TOR,81,20,0.925,8,21,29,0.29,0.76,1.05,2,51.49,98.62,5.41,10.69,20.39
Elias.Lindholm,RC,CAR,81,19,0.925,17,22,39,0.76,0.99,1.75,2,59.63,96.48,10,18.11,16.5
Nail.Yakupov,LR,EDM,81,20,0.925,14,19,33,0.68,0.92,1.6,11,51.54,96.86,7.33,19.54,15.25
Tom.Wilson,R,WSH,80,20,0.925,4,14,18,0.29,1,1.29,5,52.13,98.68,4.65,7.99,10.47
Rasmus.Ristolainen,D,BUF,78,19,0.925,8,12,20,0.3,0.45,0.76,-1,38.88,98.28,6.61,4.88,20.31
Jiri.Sekac,C,ANA/MTL,76,22,0.925,9,14,23,0.54,0.83,1.37,5,49.57,101.12,9.89,3.28,13.26
Jonathan.Drouin,LC,T.B,76,19,0.925,4,28,32,0.25,1.73,1.98,-3,57.1,99.06,4.88,17.29,12.77
Bo.Horvat,C,VAN,74,19,0.925,14,15,29,0.91,0.97,1.88,-2,42.84,99.77,13.59,-8.21,12.51
Curtis.Lazar,CR,OTT,73,19,0.925,6,9,15,0.38,0.57,0.95,2,50,99.1,5.94,-6.64,12.95
Jimmy.Hayes,R,FLA,72,24,0.925,19,16,35,1.05,0.88,1.93,4,56.44,100.49,11.45,16.3,15.11
Aleksander.Barkov,C,FLA,71,19,0.925,16,20,36,0.79,0.98,1.77,2,56.29,99.36,13.01,8.98,17.19
Jacob.Trouba,D,WPG,69,20,0.925,7,17,24,0.26,0.63,0.89,-4,50.15,99.14,4.96,-14.99,23.35
Nathan.Beaulieu,D,MTL,69,21,0.925,1,9,10,0.06,0.5,0.55,1,49.97,101.2,1.54,4.07,15.68
Josh.Jooris,CR,CGY,69,24,0.925,12,12,24,0.74,0.74,1.49,3,46.83,100.94,12.37,-2.43,14.04
Alexander.Wennberg,C,CBJ,68,19,0.925,4,16,20,0.23,0.91,1.14,9,47.37,96.32,4.71,0.04,15.55
Matt.Dumba,D,MIN,68,20,0.925,10,10,20,0.58,0.58,1.16,-1,54.59,102.97,9.9,15.39,15.2
Nathan.MacKinnon,CR,COL,64,19,0.925,14,24,38,0.76,1.3,2.07,13,54.5,98.59,7.29,13.93,17.25
Andre.Burakovsky,CL,WSH,64,19,0.925,11,14,25,0.81,1.03,1.83,4,57.38,102.75,13.41,16.11,12.8
Zemgus.Girgensons,CL,BUF,61,20,0.925,15,15,30,0.78,0.78,1.56,11,37.79,98.73,13.04,-0.14,18.92
Oscar.Klefbom,D,EDM,60,21,0.925,2,18,20,0.09,0.83,0.92,1,47.32,94.5,2.04,1.15,21.81
Nikita.Zadorov,D,BUF,60,19,0.925,3,12,15,0.17,0.68,0.85,-13,41.48,101.45,5.77,13.52,17.66
Dmitrij.Jaskin,LR,STL,60,21,0.925,13,6,19,0.97,0.45,1.42,1,57.61,100.98,11.4,0.76,13.39
Vladislav.Namestnikov,LC,T.B,55,21,0.925,9,8,17,0.9,0.8,1.71,6,48.48,99.77,18.37,0.04,10.86
Teuvo.Teravainen,C,CHI,52,20,0.925,8,11,19,0.71,0.98,1.69,3,55.14,101.4,8.7,11.84,12.98
David.Pastrnak,RL,BOS,46,18,0.925,10,17,27,0.95,1.61,2.56,6,59.01,103.41,10.75,27.91,13.77
Jacob.De.La.Rose,CL,MTL,45,19,0.925,4,2,6,0.39,0.2,0.59,-7,41.38,97.22,7.69,-19.34,13.53
Christian.Folin,D,MIN,40,23,0.925,2,8,10,0.19,0.77,0.97,-2,49.06,100.59,5.13,-4.43,15.5
Mirco.Mueller,D,S.J,39,19,0.925,1,3,4,0.09,0.27,0.36,1,49.2,97.36,3.23,-2.01,16.88
Leon.Draisaitl,CL,EDM,37,18,0.925,2,7,9,0.25,0.89,1.14,7,56.62,92.89,4.08,36.22,12.81
Marko.Dano,C,CBJ,35,19,0.925,8,13,21,1.04,1.68,2.72,2,54.34,103.63,9.52,-1.59,13.23
Derrick.Pouliot,D,PIT,34,20,0.925,2,5,7,0.2,0.51,0.71,1,59.41,95.29,3.57,16.17,17.46
Nicholas.Shore,C,L.A,34,21,0.925,1,6,7,0.16,0.97,1.14,2,51.27,100.38,3.03,8.65,10.88
Scott.Laughton,C,PHI,31,20,0.925,2,4,6,0.31,0.61,0.92,-2,44.69,101.2,3.92,-1.2,12.67
Josh.Manson,D,ANA,28,22,0.925,0,3,3,0,0.35,0.35,-11,50.79,98.49,0,0.35,18.37
Mikhail.Grigorenko,CL,BUF,25,20,0.925,3,3,6,0.46,0.46,0.93,1,43.77,96.59,8.57,1.09,15.53
Trevor.van.Riemsdyk,D,CHI,22,23,0.925,0,1,1,0,0.22,0.22,1,57.73,97.78,0,8.71,12.4
William.Karlsson,C,ANA/CBJ,21,21,0.925,3,2,5,0.7,0.47,1.17,4,54.15,103.3,10.34,18.57,12.25
Olli.Maatta,D,PIT,20,20,0.925,1,8,9,0.14,1.15,1.29,1,49.74,101.21,3.7,0.52,20.94
Timothy.Schaller,CL,BUF,18,23,0.925,1,1,2,0.29,0.29,0.58,0,32.84,90.95,5.26,-17.44,11.47
Ryan.Murray,D,CBJ,12,20,0.925,1,2,3,0.27,0.54,0.81,-4,49.34,100.07,12.5,3.15,18.54
Sam.Bennett,C,CGY,12,18,0.925,3,2,5,1.08,0.72,1.8,0,50.84,94.84,14.29,6.45,13.89
Griffin.Reinhart,D,NYI,9,20,0.925,0,1,1,0,0.47,0.47,-1,43.75,100.44,0,-3.19,14.31
Sam.Reinhart,CR,BUF,9,18,0.925,0,1,1,0,0.64,0.64,1,36.6,100.07,0,2.79,10.43
Valeri.Nichushkin,R,DAL,8,19,0.925,0,1,1,0,0.55,0.55,0,49.47,89.28,0,9.86,13.68
Tyler.Wotherspoon,D,CGY,7,21,0.925,0,0,0,0,0,0,0,45.71,89.73,0,-6.41,8.95
Rocco.Grimaldi,RC,FLA,7,21,0.925,1,0,1,0.68,0,0.68,2,58.5,100.86,5.56,3.41,12.63
Emile.Poirier,RL,CGY,6,19,0.925,0,1,1,0,1.19,1.19,2,38.54,105,0,1.99,8.42
Ryan.Hartman,R,CHI,5,19,0.925,0,0,0,0,0,0,0,55.84,92.86,0,1.88,8.92
Kerby.Rychel,L,CBJ,5,19,0.925,0,3,3,0,3.49,3.49,-1,42.53,113.64,0,21.77,10.31
David.Musil,D,EDM,4,21,0.925,0,2,2,0,1.49,1.49,-1,42.77,97.41,0,-11.51,20.1
Conor.Allen,D,NYR,4,24,0.925,0,0,0,0,0,0,-2,57.65,94.82,0,21.49,12.06
Petr.Straka,R,PHI,3,22,0.925,0,2,2,0,4.15,4.15,0,59.18,104.29,0,-0.27,9.63
Slater.Koekkoek,D,T.B,3,20,0.925,0,0,0,0,0,0,0,50,100.5,0,1.11,15.66
Henrik.Samuelsson,RC,ARI,3,20,0.925,0,0,0,0,0,0,-1,52.27,91.67,0,14.14,13.46
Tyler.Gaudet,C,ARI,2,21,0.925,0,0,0,0,0,0,0,23.68,81.82,0,-22.08,9.29
Matt.Lindblad,L,BOS,2,24,0.925,0,0,0,0,0,0,0,70.59,100,0,-0.5,8.62
Darnell.Nurse,D,EDM,2,19,0.925,0,0,0,0,0,0,0,55,84.09,0,39.65,16.37
Scott.Mayfield,D,NYI,2,21,0.925,0,0,0,0,0,0,0,37.25,93.75,0,33.91,12.88
Shayne.Gostisbehere,D,PHI,2,21,0.925,0,0,0,0,0,0,0,38.3,88.24,0,18.3,11.84
Kevin.Fiala,LR,NSH,2,18,0.925,0,0,0,0,0,0,0,51.02,85.71,0,26.55,11.1
Jake.McCabe,D,BUF,2,20,0.925,0,0,0,0,0,0,0,50,100,0,18.79,10.85
Michael.Paliotta,D,CHI,1,21,0.925,0,1,1,0,4.06,4.06,0,50,105.71,0,0,14.78
Andrew.Copp,C,WPG,1,20,0.925,0,1,1,0,4.21,4.21,0,47.37,125,0,-15.05,14.24
Kevin.Hayes,C,NYR,98,22,0.900,19,33,52,0.88,1.53,2.41,0,53.38,101.83,13.97,17.08,13.22
Charlie.Coyle,RC,MIN,92,22,0.900,12,25,37,0.54,1.12,1.66,6,52.22,101,8.96,-2.46,14.5
Simon.Despres,D,ANA/PIT,91,23,0.900,4,26,30,0.15,0.99,1.14,-19,51.12,100.82,3.33,-3.94,17.39
Brock.Nelson,CL,NYI,88,22,0.900,22,22,44,0.96,0.96,1.91,12,56.62,100.26,11.11,3.08,15.69
Vladimir.Tarasenko,R,STL,83,22,0.900,43,37,80,1.76,1.52,3.28,12,60.79,102.57,15.47,25.37,17.65
Alex.Chiasson,R,OTT,80,23,0.900,11,15,26,0.63,0.85,1.48,-17,54.93,99.7,10.09,13.29,13.19
Ian.Cole,D,PIT/STL,79,25,0.900,5,14,19,0.23,0.66,0.89,-2,54.2,100.79,5.43,-1.89,16.22
Mikael.Granlund,C,MIN,78,22,0.900,10,35,45,0.43,1.49,1.92,6,54.81,102.27,8.55,15.62,18.02
Jesper.Fast,RL,NYR,77,22,0.900,9,11,20,0.56,0.68,1.24,4,45.26,100.3,12.33,-9.57,12.55
Lee.Stempniak,R,NYR/WPG,75,31,0.900,16,13,29,1,0.81,1.81,5,52.18,102.26,13.01,-2.96,12.79
Erik.Haula,CL,MIN,74,23,0.900,8,7,15,0.54,0.47,1.01,-2,42.62,98.48,8.33,-19.44,12.03
Nick.Bjugstad,C,FLA,72,22,0.900,24,19,43,1.19,0.94,2.14,0,55.1,97.77,11.59,12.78,16.78
Patrick.Dwyer,RL,CAR,71,31,0.900,5,7,12,0.33,0.46,0.8,1,38.25,96.52,6.49,-21.13,12.72
Adam.Larsson,D,N.J,64,21,0.900,3,21,24,0.14,0.95,1.09,-11,40.62,100.3,3.3,-24.65,20.62
Eric.Gelinas,D,N.J,61,23,0.900,6,13,19,0.36,0.77,1.13,-12,53.87,101.85,5.36,28.75,16.59
Beau.Bennett,LR,PIT,51,22,0.900,4,8,12,0.39,0.77,1.16,-3,54.81,97.65,4.82,-2.49,12.21
Drew.Shore,CR,CGY,12,23,0.900,1,2,3,0.45,0.9,1.35,2,40.16,95.38,6.67,-8.25,11.09
Chris.Wagner,CR,ANA,11,23,0.900,0,0,0,0,0,0,1,48.03,94,0,1.43,8.14
Casey.Bailey,C,TOR,6,22,0.900,1,0,1,1.13,0,1.13,0,51.22,102.14,11.11,11.64,8.88
Chris.Brown,C,WSH,5,23,0.900,1,0,1,1.79,0,1.79,-1,33.33,110,25,15.94,6.71
Eriah.Hayes,RL,S.J,4,26,0.900,0,0,0,0,0,0,-1,43.1,90,0,-6.83,9.37
Corban.Knight,C,CGY,2,24,0.900,0,0,0,0,0,0,0,52.38,100,0,25.11,6.43
Shane.Prince,CL,OTT,2,21,0.900,0,1,1,0,2.97,2.97,0,62.86,109.09,0,-11.31,10.12
Brian.Dumoulin,D,PIT,13,23,0.890,1,0,1,0.31,0,0.31,0,46.95,102.68,10,7.44,14.95
Kyle.Chipchura,C,ARI,70,28,0.875,4,10,14,0.26,0.64,0.89,-2,46.73,95.59,4.94,-20.21,13.44
Brandon.Pirri,C,FLA,49,23,0.875,22,2,24,1.82,0.17,1.99,5,56.23,102.04,15.38,15.92,14.79
Andrew.MacWilliam,D,TOR,12,24,0.875,0,2,2,0,0.65,0.65,-2,35.63,93.64,0,-25.6,15.39
Andrej.Sustr,D,T.B,98,23,0.874,1,14,15,0.04,0.5,0.54,-20,46.18,101.23,1.41,-6.26,17.02
Mark.Barberio,D,T.B,53,24,0.874,1,6,7,0.07,0.4,0.47,-3,50.73,98.18,1.85,-1.15,16.79
Jayson.Megna,C,PIT,12,24,0.874,0,1,1,0,0.47,0.47,-2,43.56,97.85,0,-14.46,10.66
Evgeny.Kuznetsov,C,WSH,94,22,0.870,16,28,44,0.75,1.32,2.07,-2,53.6,104.31,9.47,10.37,13.55
David.Rundblad,D,CHI,54,23,0.870,3,11,14,0.27,1,1.27,-1,57.57,104.37,5,18.48,12.24
Lucas.Lessio,L,ARI,26,21,0.868,2,3,5,0.36,0.54,0.91,2,50.08,93.7,4.55,12.72,12.74
David.Wolf,LC,CGY,4,25,0.868,0,0,0,0,0,0,-1,46.3,100,0,-1.92,8.89
Anders.Lee,LC,NYI,81,24,0.851,25,17,42,1.29,0.88,2.17,-3,58.57,99.8,12.2,16.52,14.35
Jason.Zucker,LR,MIN,61,22,0.851,23,6,29,1.52,0.4,1.91,12,52.33,96.06,15.86,2.18,14.9
John.Moore,D,NYR/ARI,57,23,0.851,2,9,11,0.13,0.59,0.72,-1,52.63,99.45,2.6,18.16,16.12
Brett.Connolly,R,BOS/T.B,55,22,0.851,12,5,17,1.08,0.45,1.53,-10,60.35,102.43,14.46,10.76,12.08
Joey.Hishon,C,COL,13,22,0.851,1,1,2,0.44,0.44,0.88,3,43.61,102.81,5.26,10.4,10.5
Carter.Ashton,L,TOR,7,23,0.851,0,0,0,0,0,0,1,39.19,88.46,0,3.26,6.37
Stefan.Elliott,D,COL,5,23,0.851,0,0,0,0,0,0,-1,52.5,92.94,0,14.87,14.78
Jakob.Silfverberg,RL,ANA,97,23,0.850,17,40,57,0.65,1.53,2.18,-1,49.9,101.9,7.39,-3.31,16.19
Riley.Sheahan,C,DET,86,22,0.850,15,24,39,0.68,1.09,1.76,3,59.29,100.12,11.45,10.92,15.43
Yannick.Weber,D,VAN,71,25,0.850,10,10,20,0.48,0.48,0.97,-10,53.24,100.76,7.75,12.24,17.46
Craig.Adams,C,PIT,70,37,0.850,1,6,7,0.09,0.53,0.62,-3,35.51,97.82,1.96,-24.04,9.62
Stephen.Gionta,CR,N.J,61,30,0.850,5,8,13,0.38,0.6,0.98,8,39.51,100.41,5.95,-21.37,13.07
Manny.Malhotra,CL,MTL,58,34,0.850,1,3,4,0.09,0.28,0.37,1,28.05,97.18,2.17,-46.44,11.18
Korbinian.Holzer,D,TOR,34,26,0.850,0,6,6,0,0.62,0.62,-3,38.48,101.61,0,-11.02,16.98
Jeff.Schultz,D,L.A,9,28,0.850,0,1,1,0,0.4,0.4,-2,52.91,97.19,0,-16.33,16.61
Tom.Sestito,L,VAN,3,26,0.850,0,1,1,0,3.34,3.34,2,28.21,116.67,0,-16.6,5.98
Tobias.Rieder,C,ARI,72,21,0.843,13,8,21,0.64,0.4,1.04,12,49.58,96.15,6.88,10.1,16.81
Nick.Cousins,C,PHI,11,21,0.843,0,0,0,0,0,0,0,47.4,102.67,0,12.51,8.91
Josh.Leivo,RL,TOR,9,21,0.843,1,0,1,0.88,0,0.88,-1,53.12,95.89,10,11.1,7.57
Stefan.Matteau,L,N.J,7,20,0.843,1,0,1,0.73,0,0.73,-2,42.24,100.79,12.5,-4.23,11.73
Jon.Merrill,D,N.J,66,22,0.840,2,12,14,0.09,0.54,0.63,-2,44.31,100.68,4.26,2.55,20.2
Brandon.Saad,LR,CHI,105,21,0.833,31,32,63,0.99,1.02,2.02,27,54.75,100.92,11.88,0.93,17.87
Ryan.Strome,RC,NYI,88,21,0.833,19,35,54,0.84,1.54,2.38,-10,56.37,101.08,9.95,3.12,15.5
Mark.Scheifele,C,WPG,86,21,0.833,15,35,50,0.57,1.32,1.89,23,55.93,101.17,8.72,5.17,18.5
Mika.Zibanejad,C,OTT,86,21,0.833,21,29,50,0.9,1.24,2.14,15,57.04,101.31,12.8,18.92,16.27
Jonas.Brodin,D,MIN,81,21,0.833,3,14,17,0.09,0.44,0.54,1,47.28,101.35,3.06,-6.96,23.48
Jonathan.Huberdeau,L,FLA,79,21,0.833,15,39,54,0.68,1.77,2.46,10,57.42,101.53,8.82,13.31,16.7
Connor.Murphy,D,ARI,73,21,0.833,4,3,7,0.19,0.15,0.34,-6,41.4,95.73,5.56,-2.13,16.97
Dougie.Hamilton,D,BOS,72,21,0.833,10,32,42,0.39,1.26,1.65,-8,58.83,98.21,5.32,8.17,21.2
Ryan.Murphy,D,CAR,37,21,0.833,4,9,13,0.36,0.8,1.16,0,53.89,97.52,6.56,18.05,18.24
Jamie.Oleksiak,D,DAL,36,21,0.833,1,7,8,0.12,0.87,0.99,0,46.52,98.43,2.78,-1.76,13.46
Sven.Baertschi,LR,CGY/VAN,20,21,0.833,2,4,6,0.61,1.22,1.83,-2,44.25,99.86,13.33,1,9.81
Joe.Morrow,D,BOS,15,21,0.833,1,0,1,0.24,0,0.24,1,48.71,102.28,5,-0.18,16.44
Matt.Puempel,L,OTT,13,21,0.833,2,1,3,1.13,0.56,1.69,-3,54.74,110.03,14.29,-0.34,8.19
Stuart.Percy,D,TOR,9,21,0.833,0,3,3,0,1.11,1.11,0,46.38,95.85,0,-14.93,17.95
Nicklas.Jensen,RL,VAN,5,21,0.833,0,0,0,0,0,0,0,50,93.85,0,3.98,9.7
Phillip.Danault,CL,CHI,2,21,0.833,0,0,0,0,0,0,2,58.33,100,0,40.56,9.77
Matt.Donovan,D,NYI,14,24,0.827,0,3,3,0,0.78,0.78,4,51.75,103.06,0,4.24,16.46
Gabriel.Bourque,L,NSH,74,23,0.825,3,10,13,0.2,0.67,0.87,1,43.39,94.79,3.75,-31.63,12.15
Melker.Karlsson,RC,S.J,53,24,0.825,13,11,24,0.96,0.81,1.78,1,55.08,98.12,13,3.71,15.28
Brian.Ferlin,R,BOS,7,22,0.825,0,1,1,0,0.97,0.97,0,45.24,99.8,0,-16.68,8.85
Adam.Lowry,LC,WPG,84,21,0.818,12,14,26,0.63,0.73,1.36,3,53.79,99.68,11.01,6.08,13.67
Brett.Ritchie,R,DAL,31,21,0.818,6,3,9,0.83,0.42,1.25,1,62.12,99.56,7.69,18.01,13.96
Adam.Clendening,D,CHI/VAN,21,21,0.818,1,3,4,0.17,0.52,0.69,-4,54.36,101.56,5.88,14.28,16.51
Alexander.Khokhlachev,CL,BOS,3,21,0.818,0,0,0,0,0,0,0,48.57,86.67,0,34.49,7.81
Emerson.Etem,LR,ANA,57,22,0.810,8,5,13,0.71,0.44,1.15,9,50.94,97.49,8,7.05,11.94
Martin.Marincin,D,EDM,41,22,0.810,1,4,5,0.08,0.31,0.39,-6,45.86,97.3,2.63,-21.74,18.69
Johan.Larsson,LC,BUF,39,22,0.810,6,10,16,0.64,1.07,1.72,4,45.23,103.42,12,14.92,14.34
Alex.Petrovic,D,FLA,33,22,0.810,0,3,3,0,0.34,0.34,-2,47.33,98.21,0,1.56,16.11
Brandon.Gormley,D,ARI,27,22,0.810,2,2,4,0.29,0.29,0.59,-1,44.65,94.96,5.13,2.28,15.19
Patrik.Nemeth,D,DAL,22,22,0.810,0,3,3,0,0.49,0.49,0,51.84,96.36,0,2.77,16.56
Christian.Thomas,R,MTL,18,22,0.810,1,0,1,0.37,0,0.37,1,56.62,96.4,3.85,4.63,8.95
Jarred.Tinordi,D,MTL,13,22,0.810,0,2,2,0,0.76,0.76,-1,48.46,94.48,0,-3.97,12.2
Mark.Pysyk,D,BUF,7,22,0.810,2,1,3,0.98,0.49,1.48,-1,37.38,104.05,50,-1.01,17.42
Miikka.Salomaki,LR,NSH,1,21,0.807,1,0,1,5,0,5,1,58.82,116.67,25,52.63,11.99
Devante.Smith-Pelly,C,ANA/MTL,86,22,0.800,7,16,23,0.35,0.8,1.15,2,46.95,98.98,5.56,0.08,13.93
Casey.Cizikas,C,NYI,77,23,0.800,10,9,19,0.61,0.55,1.16,5,45.98,97.93,9.9,-16.76,12.81
Jacob.Josefson,CL,N.J,62,23,0.800,6,5,11,0.47,0.39,0.86,-4,44.48,98.11,9.84,-10.47,12.43
David.Moss,R,ARI,60,32,0.800,4,8,12,0.31,0.62,0.93,-6,46.91,94.44,4.17,-9.71,12.88
Andre.Benoit,D,BUF,59,30,0.800,1,8,9,0.06,0.45,0.51,-7,37.51,98.61,2.22,1.92,18.12
Peter.Harrold,D,N.J,43,31,0.800,3,2,5,0.28,0.18,0.46,6,39.6,99.86,9.68,-6.54,15.12
Keith.Aulie,D,EDM,31,25,0.800,0,1,1,0,0.13,0.13,-10,42.48,98.1,0,-9.94,14.4
Petter.Granberg,D,TOR,7,22,0.800,0,0,0,0,0,0,-3,36.92,97.94,0,3.58,11.78
Matt.Nieto,LR,S.J,72,21,0.792,10,17,27,0.55,0.94,1.49,2,51.22,96.67,7.41,0.98,15.11
Boone.Jenner,LC,CBJ,31,21,0.792,9,8,17,0.93,0.83,1.75,7,48.98,100.74,10.84,5.85,18.76
Iiro.Pakarinen,RL,EDM,17,23,0.792,1,2,3,0.33,0.66,0.99,2,52.73,97.38,2.94,16.1,10.7
Bogdan.Yakimov,C,EDM,1,19,0.792,0,0,0,0,0,0,0,61.54,66.67,0,55.17,10.05
Calle.Jarnkrok,C,NSH,80,22,0.790,7,13,20,0.4,0.75,1.15,8,49.62,97.35,6.8,-0.83,13.06
Michael.Chaput,CL,CBJ,33,22,0.790,1,4,5,0.18,0.72,0.89,-4,34.17,95.28,4.35,-11.89,10.17
Teemu.Pulkkinen,LR,DET,31,22,0.790,5,3,8,0.85,0.51,1.35,-4,65.41,104.43,7.46,23.39,11.45
Sam.Carrick,C,TOR,16,22,0.790,1,1,2,0.59,0.59,1.18,-1,47.51,102.6,5.88,-0.15,6.35
Tanner.Pearson,LR,L.A,42,22,0.777,12,4,16,1.3,0.43,1.74,0,58.85,103.6,17.65,9.98,13.16
Lance.Bouma,C,CGY,80,24,0.775,16,18,34,0.85,0.96,1.81,6,37.04,101.85,15.09,-26.42,14.07
Peter.Holland,C,TOR,62,23,0.775,11,14,25,0.74,0.94,1.68,-1,41.85,100.66,11.83,-7.87,14.39
Brian.Strait,D,NYI,59,26,0.775,2,5,7,0.11,0.28,0.39,-13,42.37,98.89,3.17,-11.06,18.32
Paul.Postma,D,WPG,42,25,0.775,2,4,6,0.2,0.4,0.6,-5,56.48,99.72,5,6.98,14.37
Tomas.Jurco,RL,DET,70,21,0.767,4,16,20,0.31,1.23,1.54,12,58.76,100.5,4.17,4.86,11.15
Markus.Granlund,C,CGY,51,21,0.767,8,11,19,0.73,1,1.73,6,41.35,99.41,11.94,3.85,12.89
Tyler.Graovac,C,MIN,3,21,0.767,0,0,0,0,0,0,2,41.46,100,0,-4.39,8.97
Joakim.Andersson,C,DET,75,25,0.765,4,6,10,0.29,0.43,0.71,-8,37.7,99.86,5,-24.91,11.21
Danny.Biega,D,CAR,10,22,0.755,0,2,2,0,0.73,0.73,2,56.34,91.6,0,6.41,16.55
Andrew.Desjardins,C,CHI/S.J,90,28,0.750,6,8,14,0.35,0.47,0.82,-7,43.98,98.59,6.9,-26.97,11.44
Thomas.Hickey,D,NYI,88,25,0.750,2,21,23,0.07,0.75,0.82,0,48.42,97.1,2.08,-12.88,19.08
Mike.Hoffman,L,OTT,85,24,0.750,28,23,51,1.39,1.14,2.53,5,56.81,101.79,13.08,18.48,14.24
Nathan.Guenin,D,COL,76,31,0.750,2,13,15,0.09,0.61,0.71,-4,35,102.96,5.26,-13.54,16.71
Zac.Rinaldo,LR,PHI,58,24,0.750,1,5,6,0.12,0.58,0.69,-6,44.14,97.61,2.22,-0.49,8.97
Jack.Skille,RL,CBJ,45,27,0.750,6,2,8,0.64,0.21,0.85,5,45.25,95.75,6.32,-3.49,12.48
Kevan.Miller,D,BOS,41,26,0.750,2,5,7,0.16,0.4,0.56,-3,43.54,104.85,5.41,-14.59,18.2
Luke.Gazdic,L,EDM,40,25,0.750,2,1,3,0.4,0.2,0.6,-1,42.45,97.77,7.69,5.83,7.44
Brian.Gibbons,C,CBJ,25,26,0.750,0,5,5,0,0.89,0.89,-2,42.31,102.09,0,8.32,13.49
Devin.Setoguchi,R,CGY,12,27,0.750,0,0,0,0,0,0,-2,48.19,93.51,0,11.84,12.46
Matt.Frattin,RL,TOR,9,26,0.750,0,0,0,0,0,0,-1,47.37,100,0,-11.37,7.39
Brian.McGrattan,R,CGY,8,33,0.750,0,0,0,0,0,0,-1,42.99,92.59,0,3.2,6.5
Oscar.Lindberg,C,NYR,1,22,0.750,0,0,0,0,0,0,0,62.5,100,0,43.75,8.93
Nikita.Kucherov,RL,T.B,108,21,0.743,39,48,87,1.4,1.72,3.12,7,59.45,105.49,15.73,20.6,15.48
Nikita.Nesterov,D,T.B,44,21,0.743,3,10,13,0.29,0.96,1.25,-7,57.64,101.28,5.45,18.72,14.23
Seth.Griffith,R,BOS,30,21,0.743,6,4,10,0.91,0.61,1.52,-1,54.16,101.89,18.18,10.34,13.2
Anthony.Duclair,RL,NYR,18,19,0.743,1,6,7,0.27,1.62,1.89,2,56.1,104.24,5.56,18.08,12.37
Ty.Rattie,R,STL,11,21,0.743,0,2,2,0,1.25,1.25,-1,54.84,100.46,0,21.68,8.76
Jordan.Oesterle,D,EDM,6,22,0.743,0,1,1,0,0.67,0.67,1,52.56,87.89,0,13.42,14.86
Linden.Vey,CR,VAN,76,23,0.735,10,14,24,0.6,0.84,1.44,1,53.79,101.23,15.87,14.2,13.13
Richard.Panik,RL,TOR,76,23,0.735,11,6,17,0.74,0.41,1.15,5,48.1,97.09,12.64,3.16,11.66
Jordan.Martinook,C,ARI,8,22,0.733,0,1,1,0,0.64,0.64,2,54.23,94.62,0,0.94,11.69
Jyrki.Jokipakka,D,DAL,51,23,0.728,0,10,10,0,0.71,0.71,-3,47.61,99.51,0,1.62,16.58
Ryan.Carter,C,MIN,54,31,0.725,3,10,13,0.33,1.11,1.44,0,41.9,98.59,6.38,-26.79,10.03
Matt.Halischuk,RL,WPG,48,26,0.725,3,5,8,0.39,0.65,1.04,4,47.1,101.38,5,4.22,9.59
Ryan.Spooner,CL,BOS,29,22,0.725,8,10,18,1.12,1.4,2.52,1,60.88,103.04,10.96,29.22,14.76
Tyler.Pitlick,RC,EDM,17,22,0.725,2,0,2,0.57,0,0.57,1,50.79,97.3,11.11,-7.39,12.47
Brendan.Woods,CL,CAR,2,22,0.725,0,0,0,0,0,0,0,28.57,66.67,0,5.13,6.36
Ronalds.Kenins,L,VAN,35,23,0.718,5,9,14,0.69,1.24,1.94,-6,48.06,101.11,11.63,-6.07,12.4
Xavier.Ouellet,D,DET,21,21,0.718,2,1,3,0.35,0.18,0.53,0,55.78,102.02,7.41,9.61,16.27
Brendan.Shinnimin,C,ARI,12,23,0.718,0,1,1,0,0.47,0.47,-1,49.78,98.31,0,17.53,10.61
Paul.Carey,L,COL,10,25,0.715,0,1,1,0,0.79,0.79,0,49.6,105.73,0,8.72,7.62
Garrett.Wilson,L,FLA,2,23,0.715,0,0,0,0,0,0,0,54.29,75,0,7.81,8.32
John.Klingberg,D,DAL,65,22,0.710,11,29,40,0.47,1.23,1.69,1,57.95,101.44,11.22,11.21,21.82
Daniil.Tarasov,R,S.J,5,23,0.705,0,1,1,0,1.54,1.54,0,56.72,109.09,0,11.32,7.8
Blake.Comeau,RL,PIT,66,28,0.700,17,15,32,1,0.89,1.89,-13,54.95,100.18,11.18,6.55,15.4
Nate.Prosser,D,MIN,64,28,0.700,2,5,7,0.15,0.36,0.51,-6,40.5,99.79,5.26,-27.27,12.85
Jordan.Nolan,RL,L.A,60,25,0.700,6,3,9,0.61,0.31,0.92,4,48.93,98.33,13.64,0.29,9.81
Zach.Redmond,D,COL,59,26,0.700,5,15,20,0.29,0.88,1.18,-6,49.18,100.67,5.38,10.32,17.29
Raphael.Diaz,D,CGY,59,28,0.700,2,2,4,0.17,0.17,0.35,-1,50.04,100.01,3.77,6.44,11.69
Adam.Pardy,D,WPG,57,30,0.700,1,9,10,0.07,0.62,0.69,-1,45.32,101.16,3.12,-7.26,15.19
Joakim.Lindstrom,RL,STL/TOR,53,30,0.700,4,6,10,0.41,0.62,1.03,3,53.47,95.63,6.67,6.29,10.94
Dylan.Olsen,D,FLA,44,23,0.700,2,6,8,0.17,0.51,0.68,-3,45.84,97.68,4.55,-3.64,16.12
Jeremy.Morin,RL,CBJ/CHI,43,23,0.700,2,4,6,0.27,0.55,0.82,-1,53.84,99.06,2.74,5.3,10.21
John.Scott,LD,S.J,38,31,0.700,3,1,4,0.64,0.21,0.85,-3,45.67,101.57,15.79,2.7,7.44
Jack.Hillen,D,CAR/WSH,38,28,0.700,0,5,5,0,0.61,0.61,-2,48,100.56,0,11.99,12.97
Chris.Porter,L,STL,27,30,0.700,1,2,3,0.23,0.46,0.69,-1,52.37,98.8,3.85,0.29,9.67
Zac.Dalpe,RC,BUF,21,24,0.700,1,2,3,0.31,0.62,0.92,0,40.45,91.39,3.45,-6.78,9.27
Justin.Falk,D,CBJ/MIN,18,25,0.700,1,1,2,0.31,0.31,0.63,-1,43.06,92.57,5.56,-2.71,10.62
Colby.Robak,D,ANA/FLA,12,24,0.700,0,1,1,0,0.37,0.37,0,47.46,101.16,0,8.41,13.54
Brandon.Manning,D,PHI,11,24,0.700,0,3,3,0,0.99,0.99,-1,44.24,99.82,0,-10.56,16.55
Corey.Potter,D,CGY,8,30,0.700,0,0,0,0,0,0,0,53.39,86.11,0,27.07,8.15
Eric.Tangradi,L,MTL,7,25,0.700,0,0,0,0,0,0,0,41.84,88.89,0,-11.89,7.86
Ryan.Malone,LR,NYR,6,34,0.700,0,0,0,0,0,0,0,63.81,90.06,0,26.91,9.69
Vincent.Trocheck,C,FLA,50,21,0.693,7,15,22,0.6,1.29,1.89,1,55.5,101.07,7.87,10.05,13.98
Reid.Boucher,LR,N.J,11,21,0.693,1,0,1,0.46,0,0.46,2,53.05,95.43,5,22.67,11.83
John.Ramage,D,CGY,1,23,0.690,0,0,0,0,0,0,0,56.52,83.93,0,58.62,18.35
Tyler.Toffoli,RL,L.A,76,22,0.685,23,26,49,1.24,1.4,2.65,3,58.1,102.7,11.5,5.88,14.62
Colin.McDonald,R,NYI,20,29,0.675,2,6,8,0.56,1.68,2.25,3,49.88,97.86,6.67,-11.41,10.69
Alexey.Marchenko,D,DET,16,22,0.675,1,1,2,0.24,0.24,0.48,-1,52.35,96.9,12.5,6.23,15.65
Brian.Lashoff,D,DET,11,24,0.675,0,2,2,0,0.83,0.83,-3,46.77,106.78,0,10,13.13
Andrew.Miller,RC,EDM,9,25,0.675,1,5,6,0.47,2.36,2.84,1,46.83,96.26,7.14,-13.44,14.1
Kael.Mouillierat,C,NYI,6,27,0.675,1,1,2,1.22,1.22,2.45,-3,44.21,91.67,100,0.45,8.17
Jonathon.Blum,D,MIN,4,25,0.675,0,1,1,0,1.62,1.62,-1,50.82,86.51,0,-13.53,9.27
Curtis.McKenzie,L,DAL,36,23,0.670,4,1,5,0.6,0.15,0.74,0,50.76,96.42,9.76,3.39,11.2
Jean-Gabriel.Pageau,C,OTT,56,21,0.660,10,9,19,0.75,0.67,1.42,14,46.81,98.56,9.01,-22.01,14.35
Dana.Tyrell,C,CBJ,3,25,0.655,0,0,0,0,0,0,0,28.89,94.74,0,12.36,6.69
Brendan.Gallagher,R,MTL,94,22,0.650,27,25,52,1.03,0.96,1.99,12,59.45,102.56,9.12,22.32,16.69
Victor.Rask,C,CAR,80,21,0.650,11,22,33,0.51,1.02,1.53,6,59.45,97.5,6.4,14.07,16.22
Marc-Andre.Cliche,CR,COL,74,27,0.650,2,5,7,0.15,0.38,0.53,1,31.36,100.12,2.94,-15.61,10.72
Jordie.Benn,D,DAL,73,27,0.650,2,14,16,0.09,0.64,0.73,-13,50.51,97.88,2.86,-6.48,18.06
Brian.Flynn,C,BUF/MTL,69,26,0.650,6,14,20,0.36,0.84,1.21,6,36.46,100.29,6.52,-11.47,14.43
Rob.Klinkhammer,L,EDM/PIT/ARI,69,28,0.650,5,4,9,0.38,0.3,0.68,14,48.2,98.08,7.81,-15.92,11.45
Kevin.Connauton,D,CBJ/DAL,62,24,0.650,9,12,21,0.53,0.7,1.23,-9,51.94,102.33,9.38,16.67,16.48
Robert.Bortuzzo,D,PIT/STL,51,25,0.650,3,5,8,0.23,0.39,0.62,-8,50.72,95.34,5.36,-0.65,15.17
Patrick.Eaves,RL,DAL,47,30,0.650,14,13,27,1.31,1.21,2.52,9,58.91,103.88,15.38,15.6,13.68
Tyson.Strachan,D,BUF,46,29,0.650,0,5,5,0,0.35,0.35,-1,32.85,92.93,0,-11.14,18.85
Chris.Butler,D,STL,33,27,0.650,3,6,9,0.32,0.64,0.96,-1,51.45,101.39,5.56,2.52,17.06
Michael.Bournival,LR,MTL,29,22,0.650,3,2,5,0.79,0.53,1.32,2,47.65,102.73,11.11,-4.91,7.82
Steven.Pinizzotto,R,EDM,18,30,0.650,2,2,4,0.85,0.85,1.7,-3,46.12,100,13.33,-17.03,7.86
Eric.Boulton,L,NYI,10,38,0.650,2,0,2,1.64,0,1.64,-1,43.38,98.76,22.22,30.82,7.32
Michael.Kostka,D,NYR,7,28,0.650,0,1,1,0,0.55,0.55,1,51.03,100.46,0,9.23,15.5
Peter.Regin,C,CHI,4,28,0.650,0,1,1,0,1.67,1.67,2,59.65,104.35,0,-1.64,9.01
Greg.McKegg,C,TOR,3,22,0.650,0,0,0,0,0,0,1,34.04,100,0,-11.96,9.83
Ben.Street,C,COL,3,27,0.650,0,0,0,0,0,0,0,40.79,104.29,0,14.94,11.25
Will.Acton,C,EDM,3,27,0.650,0,0,0,0,0,0,0,40,83.33,0,-55.21,10.72
Harry.Zolnierczyk,L,NYI,2,27,0.650,0,0,0,0,0,0,1,48.72,83.33,0,-38.33,11.7
Colin.Fraser,C,STL,1,29,0.650,0,0,0,0,0,0,0,20,80,0,-53.33,4.49
Oliver.Lauridsen,D,PHI,1,25,0.650,0,0,0,0,0,0,0,45.45,66.67,0,19.05,11.47
Damon.Severson,D,N.J,51,20,0.642,5,12,17,0.27,0.65,0.92,-9,52.19,98.05,5.38,7.51,21.67
Chris.Tierney,C,S.J,43,20,0.642,6,15,21,0.68,1.71,2.39,8,49.08,103.2,12.5,3.91,12.27
Josh.Anderson,RL,CBJ,6,20,0.642,0,1,1,0,0.72,0.72,0,51.03,97.62,0,-8.96,13.9
Scott.Wilson,LC,PIT,4,22,0.642,0,0,0,0,0,0,0,64.71,100,0,16.17,5.85
Bryan.Rust,R,PIT,14,22,0.640,1,1,2,0.36,0.36,0.71,3,54.22,96.79,2.94,11.1,12.03
Brandon.Davidson,D,EDM,12,23,0.640,1,0,1,0.34,0,0.34,1,43.49,96.58,14.29,-8.99,14.9
Patrick.Brown,RC,CAR,7,22,0.640,0,0,0,0,0,0,-1,44.33,87.02,0,-2.02,9.2
Tim.Jackman,R,ANA,64,32,0.637,5,2,7,0.58,0.23,0.81,4,50,97.67,8.62,2.62,8.09
Luke.Witkowski,D,T.B,16,24,0.627,0,0,0,0,0,0,-1,48.14,98.48,0,-6.85,15.2
Cedric.Paquette,C,T.B,88,21,0.625,15,7,22,0.76,0.36,1.12,7,41.33,98.1,13.89,-22,13.38
Nicolas.Deslauriers,LR,BUF,82,23,0.625,5,10,15,0.31,0.61,0.92,-4,32.46,98.39,6.58,-9.18,11.91
Brayden.McNabb,D,L.A,71,23,0.625,2,22,24,0.11,1.16,1.26,0,56.74,100.15,2.7,7.27,16.07
Corey.Tropp,RL,CBJ,61,25,0.625,1,7,8,0.11,0.79,0.9,-4,38.35,97.71,4.55,0.93,8.77
Matt.Fraser,LR,BOS/EDM,60,24,0.625,8,4,12,0.72,0.36,1.09,6,47.93,96.47,8.7,2.82,11.04
Brandon.McMillan,C,VAN/ARI,60,24,0.625,2,3,5,0.19,0.28,0.47,3,41.01,93.2,3.7,-21.55,10.58
Nate.Schmidt,D,WSH,39,23,0.625,1,3,4,0.11,0.34,0.45,-2,53.99,97.92,2.5,6.21,13.56
Cody.Goloubef,D,CBJ,36,24,0.625,0,9,9,0,0.98,0.98,-5,49.01,103.9,0,3.5,15.36
Carlo.Colaiacovo,D,PHI,33,31,0.625,2,6,8,0.22,0.66,0.87,-4,56.67,99.43,4.76,7.61,16.65
Matt.Tennyson,D,S.J,27,24,0.625,2,6,8,0.25,0.76,1.02,-6,49.42,100.6,5.41,5.47,17.43
Freddie.Hamilton,CR,COL/S.J,18,22,0.625,1,0,1,0.45,0,0.45,1,39.11,99.57,9.09,6.02,7.48
Sven.Andrighetto,RL,MTL,12,21,0.625,2,1,3,1.1,0.55,1.65,0,50.56,102.55,16.67,22.12,9.11
Jordan.Szwarz,R,ARI,9,23,0.625,1,0,1,0.5,0,0.5,-1,27.42,100,12.5,-32.78,13.37
Chad.Ruhwedel,D,BUF,4,24,0.625,0,1,1,0,1.11,1.11,0,47.19,112,0,14.82,13.53
Cameron.Schilling,D,WSH,4,25,0.625,0,0,0,0,0,0,-2,62.5,103.42,0,8.95,11.09
Klas.Dahlbeck,D,CHI/ARI,23,23,0.620,1,3,4,0.15,0.44,0.58,-1,37.39,98.81,5,-22.94,17.91
Petteri.Lindbohm,D,STL,23,20,0.620,2,1,3,0.34,0.17,0.51,-3,50.42,99.8,6.25,3.15,15.49
Sean.B..Collins,L,CBJ,8,25,0.620,0,2,2,0,1.38,1.38,0,45.31,104.86,0,3.41,10.85
Colin.Smith,C,COL,1,21,0.620,0,0,0,0,0,0,0,44.44,100,0,39.56,7.17
Viktor.Arvidsson,LR,NSH,6,21,0.615,0,0,0,0,0,0,1,47.62,100.3,0,3.77,10.22
Luke.Glendening,C,DET,89,25,0.610,14,7,21,0.63,0.31,0.94,-1,33.48,99.93,12.28,-39.49,14.99
Barclay.Goodrow,LR,S.J,60,21,0.610,4,8,12,0.37,0.73,1.1,-2,47.28,100.73,5.88,-2.6,10.94
Borna.Rendulic,R,COL,11,22,0.610,1,1,2,0.59,0.59,1.17,-3,47.67,102.77,16.67,10.35,9.32
Karl.Stollery,D,COL/S.J,10,26,0.605,0,0,0,0,0,0,-2,54.63,97.12,0,10.21,14.72
Anthony.Bitetto,D,NSH,7,24,0.605,0,0,0,0,0,0,0,47.33,97.44,0,15.08,11.65
Pierre-Edouard.Bellemare,CL,PHI,81,29,0.600,6,6,12,0.35,0.35,0.69,9,39.83,97.76,5.31,-13.43,12.84
Nick.Holden,D,COL,78,27,0.600,5,9,14,0.19,0.35,0.54,-10,42.79,100.71,5.32,-2.42,19.77
Mark.Arcobello,CR,EDM/NSH/PIT/ARI,77,26,0.600,17,14,31,0.9,0.74,1.63,0,53.15,98.2,13.18,15.56,14.79
Colton.Sceviour,R,DAL,71,25,0.600,9,17,26,0.61,1.15,1.76,1,54.69,99.62,7.96,0.47,12.48
Mark.Borowiecki,D,OTT,69,25,0.600,1,10,11,0.05,0.54,0.59,-14,40.79,103.51,2.86,-22.81,16.15
Riley.Nash,CR,CAR,68,25,0.600,8,17,25,0.44,0.92,1.36,2,53.11,97.94,8.51,-0.31,16.22
Steve.Bernier,R,N.J,67,29,0.600,16,16,32,1.09,1.09,2.19,11,51.19,103.58,14.95,14.74,13.1
Brad.Malone,LC,CAR,65,25,0.600,7,8,15,0.64,0.73,1.36,-4,43.5,96.79,10.61,-9.81,10.15
Matt.Hunwick,D,NYR,61,29,0.600,2,9,11,0.13,0.57,0.7,-5,53.5,102.13,2.7,10.83,15.48
Paul.Byron,C,CGY,57,25,0.600,6,13,19,0.44,0.94,1.38,6,46.05,97.97,9.68,-8.26,14.5
Chris.Terry,RL,CAR,57,25,0.600,11,9,20,0.91,0.74,1.65,0,55.05,98.54,15.49,9.38,12.77
Dennis.Everberg,C,COL,55,22,0.600,3,9,12,0.27,0.82,1.09,7,40.5,100.35,4.84,-1.46,11.97
Craig.Cunningham,RC,BOS/ARI,51,24,0.600,3,4,7,0.33,0.45,0.78,2,39.82,97.21,5.56,-21.09,10.54
Tye.McGinn,L,S.J/ARI,51,24,0.600,2,5,7,0.23,0.58,0.82,2,47.43,100.46,3.33,3.41,10.09
Brett.Bellemore,D,CAR,49,26,0.600,2,8,10,0.15,0.6,0.75,-4,46.67,99.45,7.69,-10.81,16.29
Ben.Chiarot,D,WPG,42,23,0.600,2,6,8,0.17,0.51,0.68,-4,51.19,99,5.13,-3,16.69
Tim.Erixon,D,CBJ/CHI/TOR,42,23,0.600,2,5,7,0.19,0.47,0.66,-6,51.85,99.14,5.56,21.17,15.2
Victor.Bartley,D,NSH,41,26,0.600,0,10,10,0,1.11,1.11,-9,48.07,98.25,0,8.18,13.23
Joakim.Nordstrom,C,CHI,41,22,0.600,0,3,3,0,0.39,0.39,4,45.85,94.62,0,-50.1,11.16
Anton.Lander,C,EDM,38,23,0.600,6,14,20,0.62,1.46,2.08,-3,52.26,96.9,9.84,4.32,15.16
Micheal.Ferland,L,CGY,35,22,0.600,5,5,10,0.75,0.75,1.5,-1,45.45,103.66,11.11,-11.68,11.39
Zach.Boychuk,LR,CAR,31,24,0.600,3,3,6,0.55,0.55,1.09,-1,49.51,100.26,8.57,1.27,10.64
Jordan.Caron,LR,BOS/COL,30,23,0.600,0,0,0,0,0,0,-1,37.21,99.87,0,-0.72,8.08
Jordan.Schroeder,CR,MIN,28,23,0.600,3,5,8,0.58,0.96,1.54,2,52.81,104.66,5.66,-3.16,11.16
Zach.Trotman,D,BOS,27,24,0.600,1,4,5,0.13,0.53,0.67,0,54.68,97.67,2.17,14.28,16.62
Simon.Gagne,RL,BOS,23,34,0.600,3,1,4,0.71,0.24,0.94,1,45.37,101.96,11.11,10.12,11.09
Adam.Cracknell,C,CBJ,17,29,0.600,0,1,1,0,0.35,0.35,0,39.79,90.53,0,-0.95,10.15
Ryan.Hamilton,L,EDM,16,29,0.600,1,1,2,0.29,0.29,0.58,-3,43.77,94.69,8.33,0.62,12.85
Kyle.Cumiskey,D,CHI,16,27,0.600,0,0,0,0,0,0,4,51.86,94.1,0,11.54,11.06
Cory.Conacher,LR,NYI,15,24,0.600,1,2,3,0.31,0.61,0.92,3,50.67,95.79,4.35,15.59,13.11
Stu.Bickel,RD,MIN,9,27,0.600,0,1,1,0,1.18,1.18,-3,36.71,105.26,0,-3.43,5.64
Tomas.Vincour,RL,COL,7,23,0.600,0,1,1,0,1.15,1.15,0,47.19,95.83,0,16.49,7.47
Alex.Biega,D,VAN,7,26,0.600,1,0,1,0.51,0,0.51,0,42.78,100,14.29,9.72,16.73
Chris.Mueller,C,NYR,7,28,0.600,1,1,2,0.77,0.77,1.54,1,56.43,100,10,10.04,11.13
Brett.Sutter,CL,MIN,6,27,0.600,0,3,3,0,3.28,3.28,-1,40,105.91,0,-26.36,9.14
Troy.Bodie,R,TOR,5,29,0.600,0,0,0,0,0,0,0,50,100,0,6.6,4.77
Max.Reinhart,CL,CGY,4,22,0.600,0,0,0,0,0,0,0,43.94,82.35,0,3.5,7.89
Micheal.Haley,LR,S.J,4,28,0.600,0,0,0,0,0,0,2,35.42,94.74,0,-36.06,7.63
David.Warsofsky,D,BOS,4,24,0.600,0,1,1,0,0.83,0.83,0,59.17,100.92,0,13.49,18.08
Michael.Sgarbossa,C,COL,3,22,0.600,0,1,1,0,2.97,2.97,1,41.3,106.41,0,16.1,6.74
Justin.Shugg,RL,CAR,3,22,0.600,0,0,0,0,0,0,-1,46.15,100,0,0.97,6.3
Alexandre.Bolduc,CL,ARI,3,29,0.600,0,0,0,0,0,0,-1,38.1,95.24,0,-0.36,10.86
Aaron.Volpatti,L,WSH,2,29,0.600,0,0,0,0,0,0,1,50,100,0,-6.98,9.43
Ryan.Craig,LC,CBJ,2,32,0.600,0,0,0,0,0,0,0,36.36,105.83,0,17.18,7.2
Brandon.Defazio,L,VAN,2,26,0.600,0,0,0,0,0,0,1,47.83,100,0,1.56,6.35
Seth.Helgeson,D,N.J,22,23,0.595,0,2,2,0,0.41,0.41,-3,41.87,104.99,0,-9.19,13.2
Andrew.Agozzino,LC,COL,1,23,0.590,0,1,1,0,5.53,5.53,0,36.36,120,0,-10.61,10.84
Patrick.Maroon,L,ANA,87,26,0.575,16,29,45,0.74,1.34,2.08,-9,58.56,99.25,9.88,15.34,14.9
Mark.Stone,R,OTT,86,22,0.575,26,42,68,1.06,1.71,2.77,8,53.37,104.37,15.66,7.37,17.12
Chris.Vandevelde,C,PHI,72,27,0.575,9,6,15,0.64,0.43,1.07,0,41.1,98.06,12.86,-10.08,11.67
Michael.Latta,C,WSH,57,23,0.575,0,6,6,0,0.77,0.77,0,48.96,101.16,0,-3.05,8.25
Anthony.Peluso,R,WPG,49,25,0.575,1,1,2,0.21,0.21,0.42,-6,49.21,98.71,4.35,-2.48,5.8
Ryan.White,CR,PHI,34,26,0.575,6,6,12,0.89,0.89,1.78,-7,51.96,102.41,13.33,7.58,11.87
Chris.Summers,D,NYR/ARI,20,26,0.575,0,3,3,0,0.63,0.63,-2,37.81,90.85,0,-12.99,14.31
Tim.Sestito,CL,N.J,15,30,0.575,0,2,2,0,0.77,0.77,-3,35.71,99.65,0,-4.98,10.34
Jason.Akeson,R,PHI,13,24,0.575,0,0,0,0,0,0,-1,39.47,99.36,0,2.75,8.08
Stephane.Veilleux,L,MIN,12,32,0.575,1,1,2,0.64,0.64,1.28,-1,43.51,93.87,11.11,-23.5,7.79
Frank.Corrado,D,VAN,10,21,0.575,1,0,1,0.39,0,0.39,2,49.17,87.88,12.5,-7.72,15.51
Taylor.Fedun,D,S.J,7,26,0.575,0,4,4,0,2.03,2.03,2,55.5,102.85,0,-5.88,16.86
Rasmus.Rissanen,D,CAR,6,23,0.575,0,0,0,0,0,0,-2,46.95,84,0,19.16,15.39
Gabriel.Dumont,CR,MTL,3,23,0.575,0,0,0,0,0,0,0,46.34,92.86,0,-38.78,8.79
Bryan.Lerg,L,S.J,2,28,0.575,1,0,1,2.62,0,2.62,1,61.54,90.5,12.5,-10.86,11.45
Philip.Varone,CL,BUF,28,23,0.570,3,2,5,0.48,0.32,0.79,-3,39.29,95.11,10.71,7.3,13.5
Jordin.Tootoo,R,N.J,68,31,0.550,10,5,15,0.84,0.42,1.26,-6,47.47,101.61,13.33,5.23,10.47
Taylor.Beck,RL,NSH,67,23,0.550,8,8,16,0.6,0.6,1.21,4,46.41,98.65,9.52,-22.34,11.87
Zach.Sill,LC,PIT/TOR,63,26,0.550,1,3,4,0.11,0.34,0.46,3,41.64,97.42,2.33,-4.66,8.32
Scott.Gomez,C,N.J,58,34,0.550,7,27,34,0.44,1.7,2.14,9,51.12,101.11,10,23.06,16.4
Ryan.Stanton,D,VAN,54,25,0.550,3,8,11,0.21,0.55,0.76,-11,42.4,102.94,5.08,1.79,16.08
Andrej.Nestrasil,C,CAR/DET,54,23,0.550,7,13,20,0.59,1.09,1.68,2,59.98,99.99,8.54,8.16,13.26
Trevor.Smith,CL,TOR,54,29,0.550,2,3,5,0.2,0.3,0.51,-3,40.62,95.52,4.35,-9.04,10.96
Dan.Carcillo,RL,CHI,39,29,0.550,4,4,8,0.75,0.75,1.49,6,49.32,101.89,9.52,-14.79,8.26
Matt.Ellis,C,BUF,39,33,0.550,1,1,2,0.19,0.19,0.38,0,33.06,92.44,3.45,-14.19,8.16
Michal.Jordan,D,CAR,38,24,0.550,2,4,6,0.2,0.4,0.6,7,54.24,96.08,4.55,11.26,15.77
Mark.Fraser,D,N.J,34,27,0.550,0,4,4,0,0.44,0.44,-11,38.38,102.48,0,-8.41,16.15
Andrew.Campbell,D,ARI,33,26,0.550,0,1,1,0,0.1,0.1,-3,40.03,95,0,-21.59,17.91
Jamie.McBain,D,L.A,26,26,0.550,3,6,9,0.52,1.05,1.57,-1,58.12,103.13,16.67,20.76,13.2
Steven.Kampfer,D,FLA,25,25,0.550,2,2,4,0.28,0.28,0.55,-3,46.98,98.97,7.14,-8.88,17.44
Andrew.Ebbett,C,PIT,24,31,0.550,1,5,6,0.28,1.38,1.65,-1,44.13,101.27,4.76,-2.89,9.09
Greg.Pateryn,D,MTL,24,24,0.550,0,3,3,0,0.6,0.6,-2,51.74,100.15,0,8.02,12.55
Brandon.Kozun,R,TOR,20,24,0.550,2,2,4,0.75,0.75,1.49,-1,42.91,98.54,25,2.5,8.03
Andy.Andreoff,CL,L.A,18,23,0.550,2,1,3,0.75,0.38,1.13,-3,47.55,102.02,14.29,12.34,8.86
Taylor.Chorney,D,PIT,12,27,0.550,0,0,0,0,0,0,1,54.68,102.1,0,19.77,13.8
Bobby.Farnham,L,PIT,11,25,0.550,0,0,0,0,0,0,5,47.33,100.08,0,8.75,7.29
Brad.Hunt,D,EDM,11,26,0.550,1,2,3,0.28,0.56,0.84,1,51.82,95.03,5,17.21,19.58
Scott.Harrington,D,PIT,10,21,0.550,0,0,0,0,0,0,-1,49.82,88.2,0,-1.11,16.18
Mike.Sislo,R,N.J,10,26,0.550,0,1,1,0,0.48,0.48,-1,40.31,97.78,0,-17.74,12.46
Landon.Ferraro,RC,DET,10,23,0.550,1,0,1,0.54,0,0.54,1,38.07,99.96,7.14,-23.78,11.15
Mathew.Clark,D,ANA,7,23,0.550,0,1,1,0,0.68,0.68,-1,44.13,105.59,0,8.76,12.66
Travis.Morin,C,DAL,6,30,0.550,0,0,0,0,0,0,0,65.69,102.56,0,11.64,12.11
Justin.Hodgman,CR,ARI,5,26,0.550,1,0,1,1.06,0,1.06,0,57.65,92.74,33.33,-3.22,11.36
Joe.Whitney,L,N.J,4,26,0.550,1,0,1,2.04,0,2.04,0,32.5,108.33,100,4.63,7.35
Philip.Samuelsson,D,ARI,4,23,0.550,0,0,0,0,0,0,0,36.44,90.24,0,-16.74,15.42
Stanislav.Galiev,R,WSH,2,22,0.550,1,0,1,3.11,0,3.11,0,67.57,108.33,50,17.44,9.64
Chris.Conner,L,WSH,2,30,0.550,0,0,0,0,0,0,-2,61.54,109.09,0,25,9.34
Ryan.Bourque,L,NYR,1,23,0.550,0,0,0,0,0,0,0,72.22,50,0,-2,13.12
Steve.Oleksy,D,WSH,1,28,0.550,0,0,0,0,0,0,0,45,80,0,12.61,12.75
David.van.Der.Gulik,LR,L.A,1,31,0.550,0,0,0,0,0,0,0,62.5,100,0,-55.81,5.25
Dylan.Reese,D,ARI,1,30,0.550,0,0,0,0,0,0,0,58.7,84.92,0,-7.94,20.93
